渔船ID,type
18330,围网
18331,围网
18332,围网
18333,围网
18334,围网
18335,围网
18336,围网
18337,围网
18338,围网
18339,围网
18340,围网
18341,围网
18342,围网
18343,围网
18344,围网
18345,围网
18346,围网
18347,围网
18348,围网
18349,围网
18350,围网
18351,围网
18352,围网
18353,围网
18354,围网
18355,围网
18356,围网
18357,围网
18358,围网
18359,围网
18360,围网
18361,围网
18362,围网
18363,围网
18364,围网
18365,围网
18366,围网
18367,围网
18368,围网
18369,围网
18370,围网
18371,围网
18372,围网
18373,围网
18374,围网
18375,围网
18376,围网
18377,围网
18378,围网
18379,围网
18380,围网
18381,围网
18382,围网
18383,围网
18384,围网
18385,围网
18386,围网
18387,围网
18388,围网
18389,围网
18390,围网
18391,围网
18392,围网
18393,围网
18394,围网
18395,围网
18396,围网
18397,围网
18398,围网
18399,围网
18400,围网
18401,围网
18402,围网
18403,围网
18404,围网
18405,围网
18406,围网
18407,围网
18408,围网
18409,围网
18410,围网
18411,围网
18412,围网
18413,围网
18414,围网
18415,围网
18416,围网
18417,围网
18418,围网
18419,围网
18420,围网
18421,围网
18422,围网
18423,围网
18424,围网
18425,围网
18426,围网
18427,围网
18428,围网
18429,围网
18430,围网
18431,围网
18432,围网
18433,围网
18434,围网
18435,围网
18436,围网
18437,围网
18438,围网
18439,围网
18440,围网
18441,围网
18442,围网
18443,围网
18444,围网
18445,围网
18446,围网
18447,围网
18448,围网
18449,围网
18450,围网
18451,围网
18452,围网
18453,围网
18454,围网
18455,围网
18456,围网
18457,围网
18458,围网
18459,围网
18460,围网
18461,围网
18462,围网
18463,围网
18464,围网
18465,围网
18466,围网
18467,围网
18468,围网
18469,围网
18470,围网
18471,围网
18472,围网
18473,围网
18474,围网
18475,围网
18476,围网
18477,围网
18478,围网
18479,围网
18480,围网
18481,围网
18482,围网
18483,围网
18484,围网
18485,围网
18486,围网
18487,围网
18488,围网
18489,围网
18490,围网
18491,围网
18492,围网
18493,围网
18494,围网
18495,围网
18496,围网
18497,围网
18498,围网
18499,围网
18500,围网
18501,围网
18502,围网
18503,围网
18504,围网
18505,围网
18506,围网
18507,围网
18508,围网
18509,围网
18510,围网
18511,围网
18512,围网
18513,围网
18514,围网
18515,围网
18516,围网
18517,围网
18518,围网
18519,围网
18520,围网
18521,围网
18522,围网
18523,围网
18524,围网
18525,围网
18526,围网
18527,围网
18528,围网
18529,围网
18530,围网
18531,围网
18532,围网
18533,围网
18534,围网
18535,围网
18536,围网
18537,围网
18538,围网
18539,围网
18540,围网
18541,围网
18542,围网
18543,围网
18544,围网
18545,围网
18546,围网
18547,围网
18548,围网
18549,围网
18550,围网
18551,围网
18552,围网
18553,围网
18554,围网
18555,围网
18556,围网
18557,围网
18558,围网
18559,围网
18560,围网
18561,围网
18562,围网
18563,围网
18564,围网
18565,围网
18566,围网
18567,围网
18568,围网
18569,围网
18570,围网
18571,围网
18572,围网
18573,围网
18574,围网
18575,围网
18576,围网
18577,围网
18578,围网
18579,围网
18580,围网
18581,围网
18582,围网
18583,围网
18584,围网
18585,围网
18586,围网
18587,围网
18588,围网
18589,围网
18590,围网
18591,围网
18592,围网
18593,围网
18594,围网
18595,围网
18596,围网
18597,围网
18598,围网
18599,围网
18600,围网
18601,围网
18602,围网
18603,围网
18604,围网
18605,围网
18606,围网
18607,围网
18608,围网
18609,围网
18610,围网
18611,围网
18612,围网
18613,围网
18614,围网
18615,围网
18616,围网
18617,围网
18618,围网
18619,围网
18620,围网
18621,围网
18622,围网
18623,围网
18624,围网
18625,围网
18626,围网
18627,围网
18628,围网
18629,围网
18630,围网
18631,围网
18632,围网
18633,围网
18634,围网
18635,围网
18636,围网
18637,围网
18638,围网
18639,围网
18640,围网
18641,围网
18642,围网
18643,围网
18644,围网
18645,围网
18646,围网
18647,围网
18648,围网
18649,围网
18650,围网
18651,围网
18652,围网
18653,围网
18654,围网
18655,围网
18656,围网
18657,围网
18658,围网
18659,围网
18660,围网
18661,围网
18662,围网
18663,围网
18664,围网
18665,围网
18666,围网
18667,围网
18668,围网
18669,围网
18670,围网
18671,围网
18672,围网
18673,围网
18674,围网
18675,围网
18676,围网
18677,围网
18678,围网
18679,围网
18680,围网
18681,围网
18682,围网
18683,围网
18684,围网
18685,围网
18686,围网
18687,围网
18688,围网
18689,围网
18690,围网
18691,围网
18692,围网
18693,围网
18694,围网
18695,围网
18696,围网
18697,围网
18698,围网
18699,围网
18700,围网
18701,围网
18702,围网
18703,围网
18704,围网
18705,围网
18706,围网
18707,围网
18708,围网
18709,围网
18710,围网
18711,围网
18712,围网
18713,围网
18714,围网
18715,围网
18716,围网
18717,围网
18718,围网
18719,围网
18720,围网
18721,围网
18722,围网
18723,围网
18724,围网
18725,围网
18726,围网
18727,围网
18728,围网
18729,围网
18730,围网
18731,围网
18732,围网
18733,围网
18734,围网
18735,围网
18736,围网
18737,围网
18738,围网
18739,围网
18740,围网
18741,围网
18742,围网
18743,围网
18744,围网
18745,围网
18746,围网
18747,围网
18748,围网
18749,围网
18750,围网
18751,围网
18752,围网
18753,围网
18754,围网
18755,围网
18756,围网
18757,围网
18758,围网
18759,围网
18760,围网
18761,围网
18762,围网
18763,围网
18764,围网
18765,围网
18766,围网
18767,围网
18768,围网
18769,围网
18770,围网
18771,围网
18772,围网
18773,围网
18774,围网
18775,围网
18776,围网
18777,围网
18778,围网
18779,围网
18780,围网
18781,围网
18782,围网
18783,围网
18784,围网
18785,围网
18786,围网
18787,围网
18788,围网
18789,围网
18790,围网
18791,围网
18792,围网
18793,围网
18794,围网
18795,围网
18796,围网
18797,围网
18798,围网
18799,围网
18800,围网
18801,围网
18802,围网
18803,围网
18804,围网
18805,围网
18806,围网
18807,围网
18808,围网
18809,围网
18810,围网
18811,围网
18812,围网
18813,围网
18814,围网
18815,围网
18816,围网
18817,围网
18818,围网
18819,围网
18820,围网
18821,围网
18822,围网
18823,围网
18824,围网
18825,围网
18826,围网
18827,围网
18828,围网
18829,围网
18830,围网
18831,围网
18832,围网
18833,围网
18834,围网
18835,围网
18836,围网
18837,围网
18838,围网
18839,围网
18840,围网
18841,围网
18842,围网
18843,围网
18844,围网
18845,围网
18846,围网
18847,围网
18848,围网
18849,围网
18850,围网
18851,围网
18852,围网
18853,围网
18854,围网
18855,围网
18856,围网
18857,围网
18858,围网
18859,围网
18860,围网
18861,围网
18862,围网
18863,围网
18864,围网
18865,围网
18866,围网
18867,围网
18868,围网
18869,围网
18870,围网
18871,围网
18872,围网
18873,围网
18874,围网
18875,围网
18876,围网
18877,围网
18878,围网
18879,围网
18880,围网
18881,围网
18882,围网
18883,围网
18884,围网
18885,围网
18886,围网
18887,围网
18888,围网
18889,围网
18890,围网
18891,围网
18892,围网
18893,围网
18894,围网
18895,围网
18896,围网
18897,围网
18898,围网
18899,围网
18900,围网
18901,围网
18902,围网
18903,围网
18904,围网
18905,围网
18906,围网
18907,围网
18908,围网
18909,围网
18910,围网
18911,围网
18912,围网
18913,围网
18914,围网
18915,围网
18916,围网
18917,围网
18918,围网
18919,围网
18920,围网
18921,围网
18922,围网
18923,围网
18924,围网
18925,围网
18926,围网
18927,围网
18928,围网
18929,围网
18930,围网
18931,围网
18932,围网
18933,围网
18934,围网
18935,围网
18936,围网
18937,围网
18938,围网
18939,围网
18940,围网
18941,围网
18942,围网
18943,围网
18944,围网
18945,围网
18946,围网
18947,围网
18948,围网
18949,围网
18950,围网
18951,围网
18952,围网
18953,围网
18954,围网
18955,围网
18956,围网
18957,围网
18958,围网
18959,围网
18960,围网
18961,围网
18962,围网
18963,围网
18964,围网
18965,围网
18966,围网
18967,围网
18968,围网
18969,围网
18970,围网
18971,围网
18972,围网
18973,围网
18974,围网
18975,围网
18976,围网
18977,围网
18978,围网
18979,围网
18980,围网
18981,围网
18982,围网
18983,围网
18984,围网
18985,围网
18986,围网
18987,围网
18988,围网
18989,围网
18990,围网
18991,围网
18992,围网
18993,围网
18994,围网
18995,围网
18996,围网
18997,围网
18998,围网
18999,围网
19000,围网
19001,围网
19002,围网
19003,围网
19004,围网
19005,围网
19006,围网
19007,围网
19008,围网
19009,围网
19010,围网
19011,围网
19012,围网
19013,围网
19014,围网
19015,围网
19016,围网
19017,围网
19018,围网
19019,围网
19020,围网
19021,围网
19022,围网
19023,围网
19024,围网
19025,围网
19026,围网
19027,围网
19028,围网
19029,围网
19030,围网
19031,围网
19032,围网
19033,围网
19034,围网
19035,围网
19036,围网
19037,围网
19038,围网
19039,围网
19040,围网
19041,围网
19042,围网
19043,围网
19044,围网
19045,围网
19046,围网
19047,围网
19048,围网
19049,围网
19050,围网
19051,围网
19052,围网
19053,围网
19054,围网
19055,围网
19056,围网
19057,围网
19058,围网
19059,围网
19060,围网
19061,围网
19062,围网
19063,围网
19064,围网
19065,围网
19066,围网
19067,围网
19068,围网
19069,围网
19070,围网
19071,围网
19072,围网
19073,围网
19074,围网
19075,围网
19076,围网
19077,围网
19078,围网
19079,围网
19080,围网
19081,围网
19082,围网
19083,围网
19084,围网
19085,围网
19086,围网
19087,围网
19088,围网
19089,围网
19090,围网
19091,围网
19092,围网
19093,围网
19094,围网
19095,围网
19096,围网
19097,围网
19098,围网
19099,围网
19100,围网
19101,围网
19102,围网
19103,围网
19104,围网
19105,围网
19106,围网
19107,围网
19108,围网
19109,围网
19110,围网
19111,围网
19112,围网
19113,围网
19114,围网
19115,围网
19116,围网
19117,围网
19118,围网
19119,围网
19120,围网
19121,围网
19122,围网
19123,围网
19124,围网
19125,围网
19126,围网
19127,围网
19128,围网
19129,围网
19130,围网
19131,围网
19132,围网
19133,围网
19134,围网
19135,围网
19136,围网
19137,围网
19138,围网
19139,围网
19140,围网
19141,围网
19142,围网
19143,围网
19144,围网
19145,围网
19146,围网
19147,围网
19148,围网
19149,围网
19150,围网
19151,围网
19152,围网
19153,围网
19154,围网
19155,围网
19156,围网
19157,围网
19158,围网
19159,围网
19160,围网
19161,围网
19162,围网
19163,围网
19164,围网
19165,围网
19166,围网
19167,围网
19168,围网
19169,围网
19170,围网
19171,围网
19172,围网
19173,围网
19174,围网
19175,围网
19176,围网
19177,围网
19178,围网
19179,围网
19180,围网
19181,围网
19182,围网
19183,围网
19184,围网
19185,围网
19186,围网
19187,围网
19188,围网
19189,围网
19190,围网
19191,围网
19192,围网
19193,围网
19194,围网
19195,围网
19196,围网
19197,围网
19198,围网
19199,围网
19200,围网
19201,围网
19202,围网
19203,围网
19204,围网
19205,围网
19206,围网
19207,围网
19208,围网
19209,围网
19210,围网
19211,围网
19212,围网
19213,围网
19214,围网
19215,围网
19216,围网
19217,围网
19218,围网
19219,围网
19220,围网
19221,围网
19222,围网
19223,围网
19224,围网
19225,围网
19226,围网
19227,围网
19228,围网
19229,围网
19230,围网
19231,围网
19232,围网
19233,围网
19234,围网
19235,围网
19236,围网
19237,围网
19238,围网
19239,围网
19240,围网
19241,围网
19242,围网
19243,围网
19244,围网
19245,围网
19246,围网
19247,围网
19248,围网
19249,围网
19250,围网
19251,围网
19252,围网
19253,围网
19254,围网
19255,围网
19256,围网
19257,围网
19258,围网
19259,围网
19260,围网
19261,围网
19262,围网
19263,围网
19264,围网
19265,围网
19266,围网
19267,围网
19268,围网
19269,围网
19270,围网
19271,围网
19272,围网
19273,围网
19274,围网
19275,围网
19276,围网
19277,围网
19278,围网
19279,围网
19280,围网
19281,围网
19282,围网
19283,围网
19284,围网
19285,围网
19286,围网
19287,围网
19288,围网
19289,围网
19290,围网
19291,围网
19292,围网
19293,围网
19294,围网
19295,围网
19296,围网
19297,围网
19298,围网
19299,围网
19300,围网
19301,围网
19302,围网
19303,围网
19304,围网
19305,围网
19306,围网
19307,围网
19308,围网
19309,围网
19310,围网
19311,围网
19312,围网
19313,围网
19314,围网
19315,围网
19316,围网
19317,围网
19318,围网
19319,围网
19320,围网
19321,围网
19322,围网
19323,围网
19324,围网
19325,围网
19326,围网
19327,围网
19328,围网
19329,围网
19330,围网
19331,围网
19332,围网
19333,围网
19334,围网
19335,围网
19336,围网
19337,围网
19338,围网
19339,围网
19340,围网
19341,围网
19342,围网
19343,围网
19344,围网
19345,围网
19346,围网
19347,围网
19348,围网
19349,围网
19350,围网
19351,围网
19352,围网
19353,围网
19354,围网
19355,围网
19356,围网
19357,围网
19358,围网
19359,围网
19360,围网
19361,围网
19362,围网
19363,围网
19364,围网
19365,围网
19366,围网
19367,围网
19368,围网
19369,围网
19370,围网
19371,围网
19372,围网
19373,围网
19374,围网
19375,围网
19376,围网
19377,围网
19378,围网
19379,围网
19380,围网
19381,围网
19382,围网
19383,围网
19384,围网
19385,围网
19386,围网
19387,围网
19388,围网
19389,围网
19390,围网
19391,围网
19392,围网
19393,围网
19394,围网
19395,围网
19396,围网
19397,围网
19398,围网
19399,围网
19400,围网
19401,围网
19402,围网
19403,围网
19404,围网
19405,围网
19406,围网
19407,围网
19408,围网
19409,围网
19410,围网
19411,围网
19412,围网
19413,围网
19414,围网
19415,围网
19416,围网
19417,围网
19418,围网
19419,围网
19420,围网
19421,围网
19422,围网
19423,围网
19424,围网
19425,围网
19426,围网
19427,围网
19428,围网
19429,围网
19430,围网
19431,围网
19432,围网
19433,围网
19434,围网
19435,围网
19436,围网
19437,围网
19438,围网
19439,围网
19440,围网
19441,围网
19442,围网
19443,围网
19444,围网
19445,围网
19446,围网
19447,围网
19448,围网
19449,围网
19450,围网
19451,围网
19452,围网
19453,围网
19454,围网
19455,围网
19456,围网
19457,围网
19458,围网
19459,围网
19460,围网
19461,围网
19462,围网
19463,围网
19464,围网
19465,围网
19466,围网
19467,围网
19468,围网
19469,围网
19470,围网
19471,围网
19472,围网
19473,围网
19474,围网
19475,围网
19476,围网
19477,围网
19478,围网
19479,围网
19480,围网
19481,围网
19482,围网
19483,围网
19484,围网
19485,围网
19486,围网
19487,围网
19488,围网
19489,围网
19490,围网
19491,围网
19492,围网
19493,围网
19494,围网
19495,围网
19496,围网
19497,围网
19498,围网
19499,围网
19500,围网
19501,围网
19502,围网
19503,围网
19504,围网
19505,围网
19506,围网
19507,围网
19508,围网
19509,围网
19510,围网
19511,围网
19512,围网
19513,围网
19514,围网
19515,围网
19516,围网
19517,围网
19518,围网
19519,围网
19520,围网
19521,围网
19522,围网
19523,围网
19524,围网
19525,围网
19526,围网
19527,围网
19528,围网
19529,围网
19530,围网
19531,围网
19532,围网
19533,围网
19534,围网
19535,围网
19536,围网
19537,围网
19538,围网
19539,围网
19540,围网
19541,围网
19542,围网
19543,围网
19544,围网
19545,围网
19546,围网
19547,围网
19548,围网
19549,围网
19550,围网
19551,围网
19552,围网
19553,围网
19554,围网
19555,围网
19556,围网
19557,围网
19558,围网
19559,围网
19560,围网
19561,围网
19562,围网
19563,围网
19564,围网
19565,围网
19566,围网
19567,围网
19568,围网
19569,围网
19570,围网
19571,围网
19572,围网
19573,围网
19574,围网
19575,围网
19576,围网
19577,围网
19578,围网
19579,围网
19580,围网
19581,围网
19582,围网
19583,围网
19584,围网
19585,围网
19586,围网
19587,围网
19588,围网
19589,围网
19590,围网
19591,围网
19592,围网
19593,围网
19594,围网
19595,围网
19596,围网
19597,围网
19598,围网
19599,围网
19600,围网
19601,围网
19602,围网
19603,围网
19604,围网
19605,围网
19606,围网
19607,围网
19608,围网
19609,围网
19610,围网
19611,围网
19612,围网
19613,围网
19614,围网
19615,围网
19616,围网
19617,围网
19618,围网
19619,围网
19620,围网
19621,围网
19622,围网
19623,围网
19624,围网
19625,围网
19626,围网
19627,围网
19628,围网
19629,围网
19630,围网
19631,围网
19632,围网
19633,围网
19634,围网
19635,围网
19636,围网
19637,围网
19638,围网
19639,围网
19640,围网
19641,围网
19642,围网
19643,围网
19644,围网
19645,围网
19646,围网
19647,围网
19648,围网
19649,围网
19650,围网
19651,围网
19652,围网
19653,围网
19654,围网
19655,围网
19656,围网
19657,围网
19658,围网
19659,围网
19660,围网
19661,围网
19662,围网
19663,围网
19664,围网
19665,围网
19666,围网
19667,围网
19668,围网
19669,围网
19670,围网
19671,围网
19672,围网
19673,围网
19674,围网
19675,围网
19676,围网
19677,围网
19678,围网
19679,围网
19680,围网
19681,围网
19682,围网
19683,围网
19684,围网
19685,围网
19686,围网
19687,围网
19688,围网
19689,围网
19690,围网
19691,围网
19692,围网
19693,围网
19694,围网
19695,围网
19696,围网
19697,围网
19698,围网
19699,围网
19700,围网
19701,围网
19702,围网
19703,围网
19704,围网
19705,围网
19706,围网
19707,围网
19708,围网
19709,围网
19710,围网
19711,围网
19712,围网
19713,围网
19714,围网
19715,围网
19716,围网
19717,围网
19718,围网
19719,围网
19720,围网
19721,围网
19722,围网
19723,围网
19724,围网
19725,围网
19726,围网
19727,围网
19728,围网
19729,围网
19730,围网
19731,围网
19732,围网
19733,围网
19734,围网
19735,围网
19736,围网
19737,围网
19738,围网
19739,围网
19740,围网
19741,围网
19742,围网
19743,围网
19744,围网
19745,围网
19746,围网
19747,围网
19748,围网
19749,围网
19750,围网
19751,围网
19752,围网
19753,围网
19754,围网
19755,围网
19756,围网
19757,围网
19758,围网
19759,围网
19760,围网
19761,围网
19762,围网
19763,围网
19764,围网
19765,围网
19766,围网
19767,围网
19768,围网
19769,围网
19770,围网
19771,围网
19772,围网
19773,围网
19774,围网
19775,围网
19776,围网
19777,围网
19778,围网
19779,围网
19780,围网
19781,围网
19782,围网
19783,围网
19784,围网
19785,围网
19786,围网
19787,围网
19788,围网
19789,围网
19790,围网
19791,围网
19792,围网
19793,围网
19794,围网
19795,围网
19796,围网
19797,围网
19798,围网
19799,围网
19800,围网
19801,围网
19802,围网
19803,围网
19804,围网
19805,围网
19806,围网
19807,围网
19808,围网
19809,围网
19810,围网
19811,围网
19812,围网
19813,围网
19814,围网
19815,围网
19816,围网
19817,围网
19818,围网
19819,围网
19820,围网
19821,围网
19822,围网
19823,围网
19824,围网
19825,围网
19826,围网
19827,围网
19828,围网
19829,围网
19830,围网
19831,围网
19832,围网
19833,围网
19834,围网
19835,围网
19836,围网
19837,围网
19838,围网
19839,围网
19840,围网
19841,围网
19842,围网
19843,围网
19844,围网
19845,围网
19846,围网
19847,围网
19848,围网
19849,围网
19850,围网
19851,围网
19852,围网
19853,围网
19854,围网
19855,围网
19856,围网
19857,围网
19858,围网
19859,围网
19860,围网
19861,围网
19862,围网
19863,围网
19864,围网
19865,围网
19866,围网
19867,围网
19868,围网
19869,围网
19870,围网
19871,围网
19872,围网
19873,围网
19874,围网
19875,围网
19876,围网
19877,围网
19878,围网
19879,围网
19880,围网
19881,围网
19882,围网
19883,围网
19884,围网
19885,围网
19886,围网
19887,围网
19888,围网
19889,围网
19890,围网
19891,围网
19892,围网
19893,围网
19894,围网
19895,围网
19896,围网
19897,围网
19898,围网
19899,围网
19900,围网
19901,围网
19902,围网
19903,围网
19904,围网
19905,围网
19906,围网
19907,围网
19908,围网
19909,围网
19910,围网
19911,围网
19912,围网
19913,围网
19914,围网
19915,围网
19916,围网
19917,围网
19918,围网
19919,围网
19920,围网
19921,围网
19922,围网
19923,围网
19924,围网
19925,围网
19926,围网
19927,围网
19928,围网
19929,围网
19930,围网
19931,围网
19932,围网
19933,围网
19934,围网
19935,围网
19936,围网
19937,围网
19938,围网
19939,围网
19940,围网
19941,围网
19942,围网
19943,围网
19944,围网
19945,围网
19946,围网
19947,围网
19948,围网
19949,围网
19950,围网
19951,围网
19952,围网
19953,围网
19954,围网
19955,围网
19956,围网
19957,围网
19958,围网
19959,围网
19960,围网
19961,围网
19962,围网
19963,围网
19964,围网
19965,围网
19966,围网
19967,围网
19968,围网
19969,围网
19970,围网
19971,围网
19972,围网
19973,围网
19974,围网
19975,围网
19976,围网
19977,围网
19978,围网
19979,围网
19980,围网
19981,围网
19982,围网
19983,围网
19984,围网
19985,围网
19986,围网
19987,围网
19988,围网
19989,围网
19990,围网
19991,围网
19992,围网
19993,围网
19994,围网
19995,围网
19996,围网
19997,围网
19998,围网
19999,围网
20000,围网
20001,围网
20002,围网
20003,围网
20004,围网
20005,围网
20006,围网
20007,围网
20008,围网
20009,围网
20010,围网
20011,围网
20012,围网
20013,围网
20014,围网
20015,围网
20016,围网
20017,围网
20018,围网
20019,围网
20020,围网
20021,围网
20022,围网
20023,围网
20024,围网
20025,围网
20026,围网
20027,围网
20028,围网
20029,围网
20030,围网
20031,围网
20032,围网
20033,围网
20034,围网
20035,围网
20036,围网
20037,围网
20038,围网
20039,围网
20040,围网
20041,围网
20042,围网
20043,围网
20044,围网
20045,围网
20046,围网
20047,围网
20048,围网
20049,围网
20050,围网
20051,围网
20052,围网
20053,围网
20054,围网
20055,围网
20056,围网
20057,围网
20058,围网
20059,围网
20060,围网
20061,围网
20062,围网
20063,围网
20064,围网
20065,围网
20066,围网
20067,围网
20068,围网
20069,围网
20070,围网
20071,围网
20072,围网
20073,围网
20074,围网
20075,围网
20076,围网
20077,围网
20078,围网
20079,围网
20080,围网
20081,围网
20082,围网
20083,围网
20084,围网
20085,围网
20086,围网
20087,围网
20088,围网
20089,围网
20090,围网
20091,围网
20092,围网
20093,围网
20094,围网
20095,围网
20096,围网
20097,围网
20098,围网
20099,围网
20100,围网
20101,围网
20102,围网
20103,围网
20104,围网
20105,围网
20106,围网
20107,围网
20108,围网
20109,围网
20110,围网
20111,围网
20112,围网
20113,围网
20114,围网
20115,围网
20116,围网
20117,围网
20118,围网
20119,围网
20120,围网
20121,围网
20122,围网
20123,围网
20124,围网
20125,围网
20126,围网
20127,围网
20128,围网
20129,围网
20130,围网
20131,围网
20132,围网
20133,围网
20134,围网
20135,围网
20136,围网
20137,围网
20138,围网
20139,围网
20140,围网
20141,围网
20142,围网
20143,围网
20144,围网
20145,围网
20146,围网
20147,围网
20148,围网
20149,围网
20150,围网
20151,围网
20152,围网
20153,围网
20154,围网
20155,围网
20156,围网
20157,围网
20158,围网
20159,围网
20160,围网
20161,围网
20162,围网
20163,围网
20164,围网
20165,围网
20166,围网
20167,围网
20168,围网
20169,围网
20170,围网
20171,围网
20172,围网
20173,围网
20174,围网
20175,围网
20176,围网
20177,围网
20178,围网
20179,围网
20180,围网
20181,围网
20182,围网
20183,围网
20184,围网
20185,围网
20186,围网
20187,围网
20188,围网
20189,围网
20190,围网
20191,围网
20192,围网
20193,围网
20194,围网
20195,围网
20196,围网
20197,围网
20198,围网
20199,围网
20200,围网
20201,围网
20202,围网
20203,围网
20204,围网
20205,围网
20206,围网
20207,围网
20208,围网
20209,围网
20210,围网
20211,围网
20212,围网
20213,围网
20214,围网
20215,围网
20216,围网
20217,围网
20218,围网
20219,围网
20220,围网
20221,围网
20222,围网
20223,围网
20224,围网
20225,围网
20226,围网
20227,围网
20228,围网
20229,围网
20230,围网
20231,围网
20232,围网
20233,围网
20234,围网
20235,围网
20236,围网
20237,围网
20238,围网
20239,围网
20240,围网
20241,围网
20242,围网
20243,围网
20244,围网
20245,围网
20246,围网
20247,围网
20248,围网
20249,围网
20250,围网
20251,围网
20252,围网
20253,围网
20254,围网
20255,围网
20256,围网
20257,围网
20258,围网
20259,围网
20260,围网
20261,围网
20262,围网
20263,围网
20264,围网
20265,围网
20266,围网
20267,围网
20268,围网
20269,围网
20270,围网
20271,围网
20272,围网
20273,围网
20274,围网
20275,围网
20276,围网
20277,围网
20278,围网
20279,围网
20280,围网
20281,围网
20282,围网
20283,围网
20284,围网
20285,围网
20286,围网
20287,围网
20288,围网
20289,围网
20290,围网
20291,围网
20292,围网
20293,围网
20294,围网
20295,围网
20296,围网
20297,围网
20298,围网
20299,围网
20300,围网
20301,围网
20302,围网
20303,围网
20304,围网
20305,围网
20306,围网
20307,围网
20308,围网
20309,围网
20310,围网
20311,围网
20312,围网
20313,围网
20314,围网
20315,围网
20316,围网
20317,围网
20318,围网
20319,围网
20320,围网
20321,围网
20322,围网
20323,围网
20324,围网
20325,围网
20326,围网
20327,围网
20328,围网
20329,围网
20330,围网
20331,围网
20332,围网
20333,围网
20334,围网
20335,围网
20336,围网
20337,围网
20338,围网
20339,围网
20340,围网
20341,围网
20342,围网
20343,围网
20344,围网
20345,围网
20346,围网
20347,围网
20348,围网
20349,围网
20350,围网
20351,围网
20352,围网
20353,围网
20354,围网
20355,围网
20356,围网
20357,围网
20358,围网
20359,围网
20360,围网
20361,围网
20362,围网
20363,围网
20364,围网
20365,围网
20366,围网
20367,围网
20368,围网
20369,围网
20370,围网
20371,围网
20372,围网
20373,围网
20374,围网
20375,围网
20376,围网
20377,围网
20378,围网
20379,围网
20380,围网
20381,围网
20382,围网
20383,围网
20384,围网
20385,围网
20386,围网
20387,围网
20388,围网
20389,围网
20390,围网
20391,围网
20392,围网
20393,围网
20394,围网
20395,围网
20396,围网
20397,围网
20398,围网
20399,围网
20400,围网
20401,围网
20402,围网
20403,围网
20404,围网
20405,围网
20406,围网
20407,围网
20408,围网
20409,围网
20410,围网
20411,围网
20412,围网
20413,围网
20414,围网
20415,围网
20416,围网
20417,围网
20418,围网
20419,围网
20420,围网
20421,围网
20422,围网
20423,围网
20424,围网
20425,围网
20426,围网
20427,围网
20428,围网
20429,围网
20430,围网
20431,围网
20432,围网
20433,围网
20434,围网
20435,围网
20436,围网
20437,围网
20438,围网
20439,围网
20440,围网
20441,围网
20442,围网
20443,围网
20444,围网
20445,围网
20446,围网
20447,围网
20448,围网
20449,围网
20450,围网
20451,围网
20452,围网
20453,围网
20454,围网
20455,围网
20456,围网
20457,围网
20458,围网
20459,围网
20460,围网
20461,围网
20462,围网
20463,围网
20464,围网
20465,围网
20466,围网
20467,围网
20468,围网
20469,围网
20470,围网
20471,围网
20472,围网
20473,围网
20474,围网
20475,围网
20476,围网
20477,围网
20478,围网
20479,围网
20480,围网
20481,围网
20482,围网
20483,围网
20484,围网
20485,围网
20486,围网
20487,围网
20488,围网
20489,围网
20490,围网
20491,围网
20492,围网
20493,围网
20494,围网
20495,围网
20496,围网
20497,围网
20498,围网
20499,围网
20500,围网
20501,围网
20502,围网
20503,围网
20504,围网
20505,围网
20506,围网
20507,围网
20508,围网
20509,围网
20510,围网
20511,围网
20512,围网
20513,围网
20514,围网
20515,围网
20516,围网
20517,围网
20518,围网
20519,围网
20520,围网
20521,围网
20522,围网
20523,围网
20524,围网
20525,围网
20526,围网
20527,围网
20528,围网
20529,围网
20530,围网
20531,围网
20532,围网
20533,围网
20534,围网
20535,围网
20536,围网
20537,围网
20538,围网
20539,围网
20540,围网
20541,围网
20542,围网
20543,围网
20544,围网
20545,围网
20546,围网
20547,围网
20548,围网
20549,围网
20550,围网
20551,围网
20552,围网
20553,围网
20554,围网
20555,围网
20556,围网
20557,围网
20558,围网
20559,围网
20560,围网
20561,围网
20562,围网
20563,围网
20564,围网
20565,围网
20566,围网
20567,围网
20568,围网
20569,围网
20570,围网
20571,围网
20572,围网
20573,围网
20574,围网
20575,围网
20576,围网
20577,围网
20578,围网
20579,围网
20580,围网
20581,围网
20582,围网
20583,围网
20584,围网
20585,围网
20586,围网
20587,围网
20588,围网
20589,围网
20590,围网
20591,围网
20592,围网
20593,围网
20594,围网
20595,围网
20596,围网
20597,围网
20598,围网
20599,围网
20600,围网
20601,围网
20602,围网
20603,围网
20604,围网
20605,围网
20606,围网
20607,围网
20608,围网
20609,围网
20610,围网
20611,围网
20612,围网
20613,围网
20614,围网
20615,围网
20616,围网
20617,围网
20618,围网
20619,围网
20620,围网
20621,围网
20622,围网
20623,围网
20624,围网
20625,围网
20626,围网
20627,围网
20628,围网
20629,围网
20630,围网
20631,围网
20632,围网
20633,围网
20634,围网
20635,围网
20636,围网
20637,围网
20638,围网
20639,围网
20640,围网
20641,围网
20642,围网
20643,围网
20644,围网
20645,围网
20646,围网
20647,围网
20648,围网
20649,围网
20650,围网
20651,围网
20652,围网
20653,围网
20654,围网
20655,围网
20656,围网
20657,围网
20658,围网
20659,围网
20660,围网
20661,围网
20662,围网
20663,围网
20664,围网
20665,围网
20666,围网
20667,围网
20668,围网
20669,围网
20670,围网
20671,围网
20672,围网
20673,围网
20674,围网
20675,围网
20676,围网
20677,围网
20678,围网
20679,围网
20680,围网
20681,围网
20682,围网
20683,围网
20684,围网
20685,围网
20686,围网
20687,围网
20688,围网
20689,围网
20690,围网
20691,围网
20692,围网
20693,围网
20694,围网
20695,围网
20696,围网
20697,围网
20698,围网
20699,围网
20700,围网
20701,围网
20702,围网
20703,围网
20704,围网
20705,围网
20706,围网
20707,围网
20708,围网
20709,围网
20710,围网
20711,围网
20712,围网
20713,围网
20714,围网
20715,围网
20716,围网
20717,围网
20718,围网
20719,围网
20720,围网
20721,围网
20722,围网
20723,围网
20724,围网
20725,围网
20726,围网
20727,围网
20728,围网
20729,围网
20730,围网
20731,围网
20732,围网
20733,围网
20734,围网
20735,围网
20736,围网
20737,围网
20738,围网
20739,围网
20740,围网
20741,围网
20742,围网
20743,围网
20744,围网
20745,围网
20746,围网
20747,围网
20748,围网
20749,围网
20750,围网
20751,围网
20752,围网
20753,围网
20754,围网
20755,围网
20756,围网
20757,围网
20758,围网
20759,围网
20760,围网
20761,围网
20762,围网
20763,围网
20764,围网
20765,围网
20766,围网
20767,围网
20768,围网
20769,围网
20770,围网
20771,围网
20772,围网
20773,围网
20774,围网
20775,围网
20776,围网
20777,围网
20778,围网
20779,围网
20780,围网
20781,围网
20782,围网
20783,围网
20784,围网
20785,围网
20786,围网
20787,围网
20788,围网
20789,围网
20790,围网
20791,围网
20792,围网
20793,围网
20794,围网
20795,围网
20796,围网
20797,围网
20798,围网
20799,围网
20800,围网
20801,围网
20802,围网
20803,围网
20804,围网
20805,围网
20806,围网
20807,围网
20808,围网
20809,围网
20810,围网
20811,围网
20812,围网
20813,围网
20814,围网
20815,围网
20816,围网
20817,围网
20818,围网
20819,围网
20820,围网
20821,围网
20822,围网
20823,围网
20824,围网
20825,围网
20826,围网
20827,围网
20828,围网
20829,围网
20830,围网
20831,围网
20832,围网
20833,围网
20834,围网
20835,围网
20836,围网
20837,围网
20838,围网
20839,围网
20840,围网
20841,围网
20842,围网
20843,围网
20844,围网
20845,围网
20846,围网
20847,围网
20848,围网
20849,围网
20850,围网
20851,围网
20852,围网
20853,围网
20854,围网
20855,围网
20856,围网
20857,围网
20858,围网
20859,围网
20860,围网
20861,围网
20862,围网
20863,围网
20864,围网
20865,围网
20866,围网
20867,围网
20868,围网
20869,围网
20870,围网
20871,围网
20872,围网
20873,围网
20874,围网
20875,围网
20876,围网
20877,围网
20878,围网
20879,围网
20880,围网
20881,围网
20882,围网
20883,围网
20884,围网
20885,围网
20886,围网
20887,围网
20888,围网
20889,围网
20890,围网
20891,围网
20892,围网
20893,围网
20894,围网
20895,围网
20896,围网
20897,围网
20898,围网
20899,围网
20900,围网
20901,围网
20902,围网
20903,围网
20904,围网
20905,围网
20906,围网
20907,围网
20908,围网
20909,围网
20910,围网
20911,围网
20912,围网
20913,围网
20914,围网
20915,围网
20916,围网
20917,围网
20918,围网
20919,围网
20920,围网
20921,围网
20922,围网
20923,围网
20924,围网
20925,围网
20926,围网
20927,围网
20928,围网
20929,围网
20930,围网
20931,围网
20932,围网
20933,围网
20934,围网
20935,围网
20936,围网
20937,围网
20938,围网
20939,围网
20940,围网
20941,围网
20942,围网
20943,围网
20944,围网
20945,围网
20946,围网
20947,围网
20948,围网
20949,围网
20950,围网
20951,围网
20952,围网
20953,围网
20954,围网
20955,围网
20956,围网
20957,围网
20958,围网
20959,围网
20960,围网
20961,围网
20962,围网
20963,围网
20964,围网
20965,围网
20966,围网
20967,围网
20968,围网
20969,围网
20970,围网
20971,围网
20972,围网
20973,围网
20974,围网
20975,围网
20976,围网
20977,围网
20978,围网
20979,围网
20980,围网
20981,围网
20982,围网
20983,围网
20984,围网
20985,围网
20986,围网
20987,围网
20988,围网
20989,围网
20990,围网
20991,围网
20992,围网
20993,围网
20994,围网
20995,围网
20996,围网
20997,围网
20998,围网
20999,围网
21000,围网
21001,围网
21002,围网
21003,围网
21004,围网
21005,围网
21006,围网
21007,围网
21008,围网
21009,围网
21010,围网
21011,围网
21012,围网
21013,围网
21014,围网
21015,围网
21016,围网
21017,围网
21018,围网
21019,围网
21020,围网
21021,围网
21022,围网
21023,围网
21024,围网
21025,围网
21026,围网
21027,围网
21028,围网
21029,围网
21030,围网
21031,围网
21032,围网
21033,围网
21034,围网
21035,围网
21036,围网
21037,围网
21038,围网
21039,围网
21040,围网
21041,围网
21042,围网
21043,围网
21044,围网
21045,围网
21046,围网
21047,围网
21048,围网
21049,围网
21050,围网
21051,围网
21052,围网
21053,围网
21054,围网
21055,围网
21056,围网
21057,围网
21058,围网
21059,围网
21060,围网
21061,围网
21062,围网
21063,围网
21064,围网
21065,围网
21066,围网
21067,围网
21068,围网
21069,围网
21070,围网
21071,围网
21072,围网
21073,围网
21074,围网
21075,围网
21076,围网
21077,围网
21078,围网
21079,围网
21080,围网
21081,围网
21082,围网
21083,围网
21084,围网
21085,围网
21086,围网
21087,围网
21088,围网
21089,围网
21090,围网
21091,围网
21092,围网
21093,围网
21094,围网
21095,围网
21096,围网
21097,围网
21098,围网
21099,围网
21100,围网
21101,围网
21102,围网
21103,围网
21104,围网
21105,围网
21106,围网
21107,围网
21108,围网
21109,围网
21110,围网
21111,围网
21112,围网
21113,围网
21114,围网
21115,围网
21116,围网
21117,围网
21118,围网
21119,围网
21120,围网
21121,围网
21122,围网
21123,围网
21124,围网
21125,围网
21126,围网
21127,围网
21128,围网
21129,围网
21130,围网
21131,围网
21132,围网
21133,围网
21134,围网
21135,围网
21136,围网
21137,围网
21138,围网
21139,围网
21140,围网
21141,围网
21142,围网
21143,围网
21144,围网
21145,围网
21146,围网
21147,围网
21148,围网
21149,围网
21150,围网
21151,围网
21152,围网
21153,围网
21154,围网
21155,围网
21156,围网
21157,围网
21158,围网
21159,围网
21160,围网
21161,围网
21162,围网
21163,围网
21164,围网
21165,围网
21166,围网
21167,围网
21168,围网
21169,围网
21170,围网
21171,围网
21172,围网
21173,围网
21174,围网
21175,围网
21176,围网
21177,围网
21178,围网
21179,围网
21180,围网
21181,围网
21182,围网
21183,围网
21184,围网
21185,围网
21186,围网
21187,围网
21188,围网
21189,围网
21190,围网
21191,围网
21192,围网
21193,围网
21194,围网
21195,围网
21196,围网
21197,围网
21198,围网
21199,围网
21200,围网
21201,围网
21202,围网
21203,围网
21204,围网
21205,围网
21206,围网
21207,围网
21208,围网
21209,围网
21210,围网
21211,围网
21212,围网
21213,围网
21214,围网
21215,围网
21216,围网
21217,围网
21218,围网
21219,围网
21220,围网
21221,围网
21222,围网
21223,围网
21224,围网
21225,围网
21226,围网
21227,围网
21228,围网
21229,围网
21230,围网
21231,围网
21232,围网
21233,围网
21234,围网
21235,围网
21236,围网
21237,围网
21238,围网
21239,围网
21240,围网
21241,围网
21242,围网
21243,围网
21244,围网
21245,围网
21246,围网
21247,围网
21248,围网
21249,围网
21250,围网
21251,围网
21252,围网
21253,围网
21254,围网
21255,围网
21256,围网
21257,围网
21258,围网
21259,围网
21260,围网
21261,围网
21262,围网
21263,围网
21264,围网
21265,围网
21266,围网
21267,围网
21268,围网
21269,围网
21270,围网
21271,围网
21272,围网
21273,围网
21274,围网
21275,围网
21276,围网
21277,围网
21278,围网
21279,围网
21280,围网
21281,围网
21282,围网
21283,围网
21284,围网
21285,围网
21286,围网
21287,围网
21288,围网
21289,围网
21290,围网
21291,围网
21292,围网
21293,围网
21294,围网
21295,围网
21296,围网
21297,围网
21298,围网
21299,围网
21300,围网
21301,围网
21302,围网
21303,围网
21304,围网
21305,围网
21306,围网
21307,围网
21308,围网
21309,围网
21310,围网
21311,围网
21312,围网
21313,围网
21314,围网
21315,围网
21316,围网
21317,围网
21318,围网
21319,围网
21320,围网
21321,围网
21322,围网
21323,围网
21324,围网
21325,围网
21326,围网
21327,围网
21328,围网
21329,围网
21330,围网
21331,围网
21332,围网
21333,围网
21334,围网
21335,围网
21336,围网
21337,围网
21338,围网
21339,围网
21340,围网
21341,围网
21342,围网
21343,围网
21344,围网
21345,围网
21346,围网
21347,围网
21348,围网
21349,围网
21350,围网
21351,围网
21352,围网
21353,围网
21354,围网
21355,围网
21356,围网
21357,围网
21358,围网
21359,围网
21360,围网
21361,围网
21362,围网
21363,围网
21364,围网
21365,围网
21366,围网
21367,围网
21368,围网
21369,围网
21370,围网
21371,围网
21372,围网
21373,围网
21374,围网
21375,围网
21376,围网
21377,围网
21378,围网
21379,围网
21380,围网
21381,围网
21382,围网
21383,围网
21384,围网
21385,围网
21386,围网
21387,围网
21388,围网
21389,围网
21390,围网
21391,围网
21392,围网
21393,围网
21394,围网
21395,围网
21396,围网
21397,围网
21398,围网
21399,围网
21400,围网
21401,围网
21402,围网
21403,围网
21404,围网
21405,围网
21406,围网
21407,围网
21408,围网
21409,围网
21410,围网
21411,围网
21412,围网
21413,围网
21414,围网
21415,围网
21416,围网
21417,围网
21418,围网
21419,围网
21420,围网
21421,围网
21422,围网
21423,围网
21424,围网
21425,围网
21426,围网
21427,围网
21428,围网
21429,围网
21430,围网
21431,围网
21432,围网
21433,围网
21434,围网
21435,围网
21436,围网
21437,围网
21438,围网
21439,围网
21440,围网
21441,围网
21442,围网
21443,围网
21444,围网
21445,围网
21446,围网
21447,围网
21448,围网
21449,围网
21450,围网
21451,围网
21452,围网
21453,围网
21454,围网
21455,围网
21456,围网
21457,围网
21458,围网
21459,围网
21460,围网
21461,围网
21462,围网
21463,围网
21464,围网
21465,围网
21466,围网
21467,围网
21468,围网
21469,围网
21470,围网
21471,围网
21472,围网
21473,围网
21474,围网
21475,围网
21476,围网
21477,围网
21478,围网
21479,围网
21480,围网
21481,围网
21482,围网
21483,围网
21484,围网
21485,围网
21486,围网
21487,围网
21488,围网
21489,围网
21490,围网
21491,围网
21492,围网
21493,围网
21494,围网
21495,围网
21496,围网
21497,围网
21498,围网
21499,围网
21500,围网
21501,围网
21502,围网
21503,围网
21504,围网
21505,围网
21506,围网
21507,围网
21508,围网
21509,围网
21510,围网
21511,围网
21512,围网
21513,围网
21514,围网
21515,围网
21516,围网
21517,围网
21518,围网
21519,围网
21520,围网
21521,围网
21522,围网
21523,围网
21524,围网
21525,围网
21526,围网
21527,围网
21528,围网
21529,围网
21530,围网
21531,围网
21532,围网
21533,围网
21534,围网
21535,围网
21536,围网
21537,围网
21538,围网
21539,围网
21540,围网
21541,围网
21542,围网
21543,围网
21544,围网
21545,围网
21546,围网
21547,围网
21548,围网
21549,围网
21550,围网
21551,围网
21552,围网
21553,围网
21554,围网
21555,围网
21556,围网
21557,围网
21558,围网
21559,围网
21560,围网
21561,围网
21562,围网
21563,围网
21564,围网
21565,围网
21566,围网
21567,围网
21568,围网
21569,围网
21570,围网
21571,围网
21572,围网
21573,围网
21574,围网
21575,围网
21576,围网
21577,围网
21578,围网
21579,围网
21580,围网
21581,围网
21582,围网
21583,围网
21584,围网
21585,围网
21586,围网
21587,围网
21588,围网
21589,围网
21590,围网
21591,围网
21592,围网
21593,围网
21594,围网
21595,围网
21596,围网
21597,围网
21598,围网
21599,围网
21600,围网
21601,围网
21602,围网
21603,围网
21604,围网
21605,围网
21606,围网
21607,围网
21608,围网
21609,围网
21610,围网
21611,围网
21612,围网
21613,围网
21614,围网
21615,围网
21616,围网
21617,围网
21618,围网
21619,围网
21620,围网
21621,围网
21622,围网
21623,围网
21624,围网
21625,围网
21626,围网
21627,围网
21628,围网
21629,围网
21630,围网
21631,围网
21632,围网
21633,围网
21634,围网
21635,围网
21636,围网
21637,围网
21638,围网
21639,围网
21640,围网
21641,围网
21642,围网
21643,围网
21644,围网
21645,围网
21646,围网
21647,围网
21648,围网
21649,围网
21650,围网
21651,围网
21652,围网
21653,围网
21654,围网
21655,围网
21656,围网
21657,围网
21658,围网
21659,围网
21660,围网
21661,围网
21662,围网
21663,围网
21664,围网
21665,围网
21666,围网
21667,围网
21668,围网
21669,围网
21670,围网
21671,围网
21672,围网
21673,围网
21674,围网
21675,围网
21676,围网
21677,围网
21678,围网
21679,围网
21680,围网
21681,围网
21682,围网
21683,围网
21684,围网
21685,围网
21686,围网
21687,围网
21688,围网
21689,围网
21690,围网
21691,围网
21692,围网
21693,围网
21694,围网
21695,围网
21696,围网
21697,围网
21698,围网
21699,围网
21700,围网
21701,围网
21702,围网
21703,围网
21704,围网
21705,围网
21706,围网
21707,围网
21708,围网
21709,围网
21710,围网
21711,围网
21712,围网
21713,围网
21714,围网
21715,围网
21716,围网
21717,围网
21718,围网
21719,围网
21720,围网
21721,围网
21722,围网
21723,围网
21724,围网
21725,围网
21726,围网
21727,围网
21728,围网
21729,围网
21730,围网
21731,围网
21732,围网
21733,围网
21734,围网
21735,围网
21736,围网
21737,围网
21738,围网
21739,围网
21740,围网
21741,围网
21742,围网
21743,围网
21744,围网
21745,围网
21746,围网
21747,围网
21748,围网
21749,围网
21750,围网
21751,围网
21752,围网
21753,围网
21754,围网
21755,围网
21756,围网
21757,围网
21758,围网
21759,围网
21760,围网
21761,围网
21762,围网
21763,围网
21764,围网
21765,围网
21766,围网
21767,围网
21768,围网
21769,围网
21770,围网
21771,围网
21772,围网
21773,围网
21774,围网
21775,围网
21776,围网
21777,围网
21778,围网
21779,围网
21780,围网
21781,围网
21782,围网
21783,围网
21784,围网
21785,围网
21786,围网
21787,围网
21788,围网
21789,围网
21790,围网
21791,围网
21792,围网
21793,围网
21794,围网
21795,围网
21796,围网
21797,围网
21798,围网
21799,围网
21800,围网
21801,围网
21802,围网
21803,围网
21804,围网
21805,围网
21806,围网
21807,围网
21808,围网
21809,围网
21810,围网
21811,围网
21812,围网
21813,围网
21814,围网
21815,围网
21816,围网
21817,围网
21818,围网
21819,围网
21820,围网
21821,围网
21822,围网
21823,围网
21824,围网
21825,围网
21826,围网
21827,围网
21828,围网
21829,围网
21830,围网
21831,围网
21832,围网
21833,围网
21834,围网
21835,围网
21836,围网
21837,围网
21838,围网
21839,围网
21840,围网
21841,围网
21842,围网
21843,围网
21844,围网
21845,围网
21846,围网
21847,围网
21848,围网
21849,围网
21850,围网
21851,围网
21852,围网
21853,围网
21854,围网
21855,围网
21856,围网
21857,围网
21858,围网
21859,围网
21860,围网
21861,围网
21862,围网
21863,围网
21864,围网
21865,围网
21866,围网
21867,围网
21868,围网
21869,围网
21870,围网
21871,围网
21872,围网
21873,围网
21874,围网
21875,围网
21876,围网
21877,围网
21878,围网
21879,围网
21880,围网
21881,围网
21882,围网
21883,围网
21884,围网
21885,围网
21886,围网
21887,围网
21888,围网
21889,围网
21890,围网
21891,围网
21892,围网
21893,围网
21894,围网
21895,围网
21896,围网
21897,围网
21898,围网
21899,围网
21900,围网
21901,围网
21902,围网
21903,围网
21904,围网
21905,围网
21906,围网
21907,围网
21908,围网
21909,围网
21910,围网
21911,围网
21912,围网
21913,围网
21914,围网
21915,围网
21916,围网
21917,围网
21918,围网
21919,围网
21920,围网
21921,围网
21922,围网
21923,围网
21924,围网
21925,围网
21926,围网
21927,围网
21928,围网
21929,围网
21930,围网
21931,围网
21932,围网
21933,围网
21934,围网
21935,围网
21936,围网
21937,围网
21938,围网
21939,围网
21940,围网
21941,围网
21942,围网
21943,围网
21944,围网
21945,围网
21946,围网
21947,围网
21948,围网
21949,围网
21950,围网
21951,围网
21952,围网
21953,围网
21954,围网
21955,围网
21956,围网
21957,围网
21958,围网
21959,围网
21960,围网
21961,围网
21962,围网
21963,围网
21964,围网
21965,围网
21966,围网
21967,围网
21968,围网
21969,围网
21970,围网
21971,围网
21972,围网
21973,围网
21974,围网
21975,围网
21976,围网
21977,围网
21978,围网
21979,围网
21980,围网
21981,围网
21982,围网
21983,围网
21984,围网
21985,围网
21986,围网
21987,围网
21988,围网
21989,围网
21990,围网
21991,围网
21992,围网
21993,围网
21994,围网
21995,围网
21996,围网
21997,围网
21998,围网
21999,围网
22000,围网
22001,围网
22002,围网
22003,围网
22004,围网
22005,围网
22006,围网
22007,围网
22008,围网
22009,围网
22010,围网
22011,围网
22012,围网
22013,围网
22014,围网
22015,围网
22016,围网
22017,围网
22018,围网
22019,围网
22020,围网
22021,围网
22022,围网
22023,围网
22024,围网
22025,围网
22026,围网
22027,围网
22028,围网
22029,围网
22030,围网
22031,围网
22032,围网
22033,围网
22034,围网
22035,围网
22036,围网
22037,围网
22038,围网
22039,围网
22040,围网
22041,围网
22042,围网
22043,围网
22044,围网
22045,围网
22046,围网
22047,围网
22048,围网
22049,围网
22050,围网
22051,围网
22052,围网
22053,围网
22054,围网
22055,围网
22056,围网
22057,围网
22058,围网
22059,围网
22060,围网
22061,围网
22062,围网
22063,围网
22064,围网
22065,围网
22066,围网
22067,围网
22068,围网
22069,围网
22070,围网
22071,围网
22072,围网
22073,围网
22074,围网
22075,围网
22076,围网
22077,围网
22078,围网
22079,围网
22080,围网
22081,围网
22082,围网
22083,围网
22084,围网
22085,围网
22086,围网
22087,围网
22088,围网
22089,围网
22090,围网
22091,围网
22092,围网
22093,围网
22094,围网
22095,围网
22096,围网
22097,围网
22098,围网
22099,围网
22100,围网
22101,围网
22102,围网
22103,围网
22104,围网
22105,围网
22106,围网
22107,围网
22108,围网
22109,围网
22110,围网
22111,围网
22112,围网
22113,围网
22114,围网
22115,围网
22116,围网
22117,围网
22118,围网
22119,围网
22120,围网
22121,围网
22122,围网
22123,围网
22124,围网
22125,围网
22126,围网
22127,围网
22128,围网
22129,围网
22130,围网
22131,围网
22132,围网
22133,围网
22134,围网
22135,围网
22136,围网
22137,围网
22138,围网
22139,围网
22140,围网
22141,围网
22142,围网
22143,围网
22144,围网
22145,围网
22146,围网
22147,围网
22148,围网
22149,围网
22150,围网
22151,围网
22152,围网
22153,围网
22154,围网
22155,围网
22156,围网
22157,围网
22158,围网
22159,围网
22160,围网
22161,围网
22162,围网
22163,围网
22164,围网
22165,围网
22166,围网
22167,围网
22168,围网
22169,围网
22170,围网
22171,围网
22172,围网
22173,围网
22174,围网
22175,围网
22176,围网
22177,围网
22178,围网
22179,围网
22180,围网
22181,围网
22182,围网
22183,围网
22184,围网
22185,围网
22186,围网
22187,围网
22188,围网
22189,围网
22190,围网
22191,围网
22192,围网
22193,围网
22194,围网
22195,围网
22196,围网
22197,围网
22198,围网
22199,围网
22200,围网
22201,围网
22202,围网
22203,围网
22204,围网
22205,围网
22206,围网
22207,围网
22208,围网
22209,围网
22210,围网
22211,围网
22212,围网
22213,围网
22214,围网
22215,围网
22216,围网
22217,围网
22218,围网
22219,围网
22220,围网
22221,围网
22222,围网
22223,围网
22224,围网
22225,围网
22226,围网
22227,围网
22228,围网
22229,围网
22230,围网
22231,围网
22232,围网
22233,围网
22234,围网
22235,围网
22236,围网
22237,围网
22238,围网
22239,围网
22240,围网
22241,围网
22242,围网
22243,围网
22244,围网
22245,围网
22246,围网
22247,围网
22248,围网
22249,围网
22250,围网
22251,围网
22252,围网
22253,围网
22254,围网
22255,围网
22256,围网
22257,围网
22258,围网
22259,围网
22260,围网
22261,围网
22262,围网
22263,围网
22264,围网
22265,围网
22266,围网
22267,围网
22268,围网
22269,围网
22270,围网
22271,围网
22272,围网
22273,围网
22274,围网
22275,围网
22276,围网
22277,围网
22278,围网
22279,围网
22280,围网
22281,围网
22282,围网
22283,围网
22284,围网
22285,围网
22286,围网
22287,围网
22288,围网
22289,围网
22290,围网
22291,围网
22292,围网
22293,围网
22294,围网
22295,围网
22296,围网
22297,围网
22298,围网
22299,围网
22300,围网
22301,围网
22302,围网
22303,围网
22304,围网
22305,围网
22306,围网
22307,围网
22308,围网
22309,围网
22310,围网
22311,围网
22312,围网
22313,围网
22314,围网
22315,围网
22316,围网
22317,围网
22318,围网
22319,围网
22320,围网
22321,围网
22322,围网
22323,围网
22324,围网
22325,围网
22326,围网
22327,围网
22328,围网
22329,围网
22330,围网
22331,围网
22332,围网
22333,围网
22334,围网
22335,围网
22336,围网
22337,围网
22338,围网
22339,围网
22340,围网
22341,围网
22342,围网
22343,围网
22344,围网
22345,围网
22346,围网
22347,围网
22348,围网
22349,围网
22350,围网
22351,围网
22352,围网
22353,围网
22354,围网
22355,围网
22356,围网
22357,围网
22358,围网
22359,围网
22360,围网
22361,围网
22362,围网
22363,围网
