渔船ID,lat,lon,速度,方向,time,type
1643,32.484470222222235,123.45855133333336,5.5,355.0,2017-09-28 04:02:08,刺网
1643,32.501275777777785,123.45791244444445,5.7,352.0,2017-09-28 04:12:07,刺网
1643,32.517748000000005,123.45752355555555,5.1,1.0,2017-09-28 04:22:07,刺网
1643,32.532470222222216,123.45932911111113,4.5,13.0,2017-09-28 04:32:07,刺网
1643,32.549192444444444,123.45785688888893,5.4,340.0,2017-09-28 04:42:07,刺网
1643,32.56533133333334,123.45821800000002,5.1,14.0,2017-09-28 04:52:07,刺网
1643,32.580720222222226,123.4584957777778,6.4,346.0,2017-09-28 05:02:08,刺网
1643,32.59533133333333,123.45827355555555,6.4,2.0,2017-09-28 05:12:07,刺网
1643,32.60941466666667,123.45680133333336,6.1,11.0,2017-09-28 05:22:07,刺网
1643,32.623609111111115,123.45738466666668,5.7,340.0,2017-09-28 05:32:07,刺网
1643,32.629025777777784,123.45585688888893,1.0,158.0,2017-09-28 05:42:07,刺网
1643,32.628025777777786,123.45666244444445,0.3,0.0,2017-09-28 05:52:07,刺网
1643,32.62677577777778,123.45766244444448,0.6,0.0,2017-09-28 06:02:23,刺网
1643,32.625248000000006,123.45827355555555,1.3,103.0,2017-09-28 06:12:07,刺网
1643,32.62366466666667,123.45932911111113,2.0,94.0,2017-09-28 06:22:08,刺网
1643,32.62194244444445,123.46010688888893,0.6,111.0,2017-09-28 06:32:07,刺网
1643,32.62080355555556,123.4619957777778,3.2,79.0,2017-09-28 06:42:11,刺网
1643,32.61288688888889,123.46360688888893,3.3,147.0,2017-09-28 06:52:08,刺网
1643,32.60394244444445,123.46474577777781,3.5,175.0,2017-09-28 07:02:23,刺网
1643,32.595025777777785,123.46613466666668,3.1,198.0,2017-09-28 07:12:07,刺网
1643,32.57769244444445,123.46535688888888,3.1,176.0,2017-09-28 07:32:07,刺网
1643,32.56835911111112,123.46585688888894,3.5,179.0,2017-09-28 07:42:07,刺网
1643,32.55905355555555,123.46732911111113,3.4,175.0,2017-09-28 07:52:06,刺网
1643,32.550498,123.46805133333336,2.4,169.0,2017-09-28 08:02:14,刺网
1643,32.54158133333333,123.46910688888893,2.0,154.0,2017-09-28 08:12:06,刺网
1643,32.53360911111111,123.46830133333334,2.0,201.0,2017-09-28 08:22:06,刺网
1643,32.52483133333333,123.467968,3.1,193.0,2017-09-28 08:32:06,刺网
1643,32.51722022222222,123.46941244444444,7.0,117.0,2017-09-28 08:42:07,刺网
1643,32.508164666666666,123.49438466666668,10.1,128.0,2017-09-28 08:52:07,刺网
1643,32.499386888888885,123.51957911111113,8.5,101.0,2017-09-28 09:02:11,刺网
1643,32.491997999999995,123.54482911111113,8.3,107.0,2017-09-28 09:12:08,刺网
1643,32.48416466666667,123.57052355555555,7.4,100.0,2017-09-28 09:22:08,刺网
1643,32.476970222222235,123.59455133333331,8.8,102.0,2017-09-28 09:32:07,刺网
1643,32.46983133333334,123.61969022222222,8.7,109.0,2017-09-28 09:42:07,刺网
1643,32.454303555555555,123.67005133333336,8.4,111.0,2017-09-28 10:02:07,刺网
1643,32.445386888888876,123.69457911111112,7.8,107.0,2017-09-28 10:12:06,刺网
1643,32.437553555555546,123.719968,7.4,110.0,2017-09-28 10:22:07,刺网
1643,32.43027577777778,123.74524577777778,8.9,116.0,2017-09-28 10:32:06,刺网
1643,32.423081333333336,123.77024577777777,8.5,117.0,2017-09-28 10:42:06,刺网
1643,32.41585911111111,123.79513466666668,7.4,108.0,2017-09-28 10:52:06,刺网
1643,32.40872022222222,123.81857911111106,8.0,107.0,2017-09-28 11:02:06,刺网
1643,32.38933133333333,123.81952355555555,9.4,186.0,2017-09-28 11:12:07,刺网
1643,32.363803555555556,123.80969022222222,10.4,197.0,2017-09-28 11:22:06,刺网
1643,32.338359111111124,123.80032911111113,10.1,199.0,2017-09-28 11:32:07,刺网
1643,32.312498,123.79055133333334,8.8,190.0,2017-09-28 11:42:07,刺网
1643,32.28738688888889,123.78088466666668,8.9,197.0,2017-09-28 11:52:06,刺网
1643,32.26183133333333,123.769968,9.2,202.0,2017-09-28 12:02:23,刺网
1643,32.237497999999995,123.75919022222223,9.4,197.0,2017-09-28 12:12:06,刺网
1643,32.21224800000001,123.74855133333334,10.0,198.0,2017-09-28 12:22:07,刺网
1643,32.18685911111111,123.73780133333334,9.0,191.0,2017-09-28 12:32:06,刺网
1643,32.161636888888886,123.72682911111113,9.1,198.0,2017-09-28 12:42:07,刺网
1643,32.136525777777784,123.7154957777778,10.1,205.0,2017-09-28 12:52:06,刺网
1643,32.111636888888896,123.70407911111113,11.2,201.0,2017-09-28 13:02:07,刺网
1643,32.087609111111114,123.691468,10.8,226.0,2017-09-28 13:12:05,刺网
1643,32.06458133333334,123.67777355555558,9.2,201.0,2017-09-28 13:22:04,刺网
1643,32.04702577777778,123.67630133333334,5.2,177.0,2017-09-28 13:32:05,刺网
1643,32.03288688888889,123.67660688888893,5.3,213.0,2017-09-28 13:42:05,刺网
1643,32.01877577777777,123.67624577777778,5.5,200.0,2017-09-28 13:52:05,刺网
1643,32.00560911111111,123.67605133333336,4.7,156.0,2017-09-28 14:02:06,刺网
1643,31.997720222222235,123.68232911111113,4.2,2.0,2017-09-28 14:12:05,刺网
1643,32.012720222222235,123.6819957777778,5.0,10.0,2017-09-28 14:22:05,刺网
1643,32.030053555555554,123.68194022222224,5.3,3.0,2017-09-28 14:32:23,刺网
1643,32.04585911111111,123.68280133333334,6.2,2.0,2017-09-28 14:42:05,刺网
1643,32.05633133333333,123.6722457777778,8.5,262.0,2017-09-28 14:52:05,刺网
1643,32.05363688888889,123.6709957777778,4.1,190.0,2017-09-28 15:02:06,刺网
1643,32.047248,123.67110688888893,2.6,174.0,2017-09-28 15:12:05,刺网
1643,32.03991466666667,123.67144022222223,2.2,180.0,2017-09-28 15:22:05,刺网
1643,32.033970222222216,123.67185688888893,3.9,191.0,2017-09-28 15:32:06,刺网
1643,32.02724800000001,123.67135688888894,2.0,171.0,2017-09-28 15:42:06,刺网
1643,32.02066466666667,123.67199577777778,2.4,183.0,2017-09-28 15:52:05,刺网
1643,32.014053555555556,123.672468,3.1,186.0,2017-09-28 16:02:06,刺网
1643,32.007720222222225,123.67335688888893,1.8,160.0,2017-09-28 16:12:05,刺网
1643,32.004220222222216,123.67663466666669,2.8,95.0,2017-09-28 16:22:05,刺网
1643,32.008164666666666,123.67960688888893,3.3,12.0,2017-09-28 16:32:06,刺网
1643,32.015331333333336,123.67969022222223,3.4,7.0,2017-09-28 16:42:05,刺网
1643,32.02380355555556,123.67980133333334,2.4,351.0,2017-09-28 16:52:05,刺网
1643,32.031970222222235,123.68055133333336,1.8,8.0,2017-09-28 17:02:06,刺网
1643,32.04027577777778,123.68066244444445,2.6,354.0,2017-09-28 17:12:06,刺网
1643,32.04880355555556,123.68180133333334,4.1,2.0,2017-09-28 17:22:06,刺网
1643,32.05688688888889,123.68216244444444,2.9,11.0,2017-09-28 17:32:06,刺网
1643,32.057998,123.66474577777781,8.3,265.0,2017-09-28 17:42:05,刺网
1643,32.05685911111111,123.63802355555555,7.5,263.0,2017-09-28 17:52:05,刺网
1643,32.054748000000004,123.61041244444445,7.7,269.0,2017-09-28 18:02:23,刺网
1643,32.052220222222225,123.584468,8.1,260.0,2017-09-28 18:12:04,刺网
1643,32.04872022222221,123.55838466666668,7.5,263.0,2017-09-28 18:22:04,刺网
1643,32.047470222222216,123.53257911111106,8.0,271.0,2017-09-28 18:32:05,刺网
1643,32.04685911111111,123.52963466666668,1.6,50.0,2017-09-28 18:42:05,刺网
1643,32.04630355555556,123.5297457777778,0.8,230.0,2017-09-28 18:52:05,刺网
1643,32.046220222222225,123.52935688888893,0.2,0.0,2017-09-28 19:02:05,刺网
1643,32.04619244444445,123.52927355555555,0.4,0.0,2017-09-28 19:12:04,刺网
1643,32.04619244444445,123.52907911111113,0.1,0.0,2017-09-28 19:22:05,刺网
1643,32.04619244444445,123.52913466666666,0.3,0.0,2017-09-28 19:32:05,刺网
1643,32.04619244444445,123.529218,0.6,216.0,2017-09-28 19:42:05,刺网
1643,32.04619244444445,123.529218,0.6,164.0,2017-09-28 19:52:05,刺网
1643,32.04619244444445,123.52935688888893,0.8,67.0,2017-09-28 20:02:09,刺网
1643,32.04619244444445,123.52935688888893,0.1,0.0,2017-09-28 20:12:04,刺网
1643,32.04624800000001,123.529468,0.6,60.0,2017-09-28 20:22:05,刺网
1643,32.046220222222225,123.52941244444445,0.2,0.0,2017-09-28 20:32:04,刺网
1643,32.046220222222225,123.52955133333334,0.5,0.0,2017-09-28 20:42:04,刺网
1643,32.046220222222225,123.52952355555556,0.1,0.0,2017-09-28 20:52:04,刺网
1643,32.04624800000001,123.52952355555556,0.5,0.0,2017-09-28 21:02:05,刺网
1643,32.046220222222225,123.52938466666667,0.3,0.0,2017-09-28 21:12:04,刺网
1643,32.046109111111114,123.52944022222223,0.5,0.0,2017-09-28 21:22:05,刺网
1643,32.046220222222225,123.52932911111112,0.9,0.0,2017-09-28 21:32:05,刺网
1643,32.04619244444445,123.52927355555555,0.5,63.0,2017-09-28 21:42:41,刺网
1643,32.04616466666667,123.529218,0.7,223.0,2017-09-28 21:52:04,刺网
1643,32.046220222222225,123.529218,0.8,14.0,2017-09-28 22:02:05,刺网
1643,32.04616466666667,123.52913466666666,0.8,261.0,2017-09-28 22:12:05,刺网
1643,32.04616466666667,123.52902355555555,0.4,73.0,2017-09-28 22:22:05,刺网
1643,32.04619244444445,123.52894022222223,1.0,343.0,2017-09-28 22:32:05,刺网
1643,32.04619244444445,123.52877355555556,0.6,118.0,2017-09-28 22:42:04,刺网
1643,32.046220222222225,123.52877355555556,0.2,0.0,2017-09-28 22:52:05,刺网
1643,32.046220222222225,123.52877355555556,0.3,0.0,2017-09-28 23:02:05,刺网
1643,32.04624800000001,123.52855133333334,0.7,359.0,2017-09-28 23:12:04,刺网
1643,32.04633133333333,123.52832911111112,0.2,0.0,2017-09-28 23:22:04,刺网
1643,32.04627577777778,123.52841244444444,0.4,0.0,2017-09-28 23:32:04,刺网
1643,32.04630355555556,123.52838466666668,0.7,130.0,2017-09-28 23:42:04,刺网
1643,32.04635911111112,123.52824577777778,0.8,186.0,2017-09-28 23:52:03,刺网
1643,32.04638688888889,123.52816244444445,1.5,243.0,2017-09-29 00:12:03,刺网
1643,32.04641466666667,123.52813466666666,0.5,289.0,2017-09-29 00:22:04,刺网
1643,32.04652577777778,123.52794022222223,1.7,302.0,2017-09-29 00:32:04,刺网
1643,32.04660911111111,123.52780133333334,0.2,0.0,2017-09-29 00:42:04,刺网
1643,32.04660911111111,123.52782911111113,0.2,0.0,2017-09-29 00:52:03,刺网
1643,32.04663688888889,123.52777355555556,0.8,248.0,2017-09-29 01:02:04,刺网
1643,32.04685911111111,123.52755133333334,0.4,276.0,2017-09-29 01:12:03,刺网
1643,32.046970222222235,123.527468,0.9,191.0,2017-09-29 01:22:04,刺网
1643,32.04708133333334,123.52738466666668,0.8,113.0,2017-09-29 01:32:03,刺网
1643,32.04722022222221,123.52735688888887,0.1,0.0,2017-09-29 01:42:03,刺网
1643,32.04741466666667,123.52735688888887,0.4,0.0,2017-09-29 01:52:03,刺网
1643,32.04752577777778,123.52719022222222,0.3,0.0,2017-09-29 02:02:04,刺网
1643,32.04791466666667,123.52719022222222,0.5,186.0,2017-09-29 02:12:23,刺网
1643,32.04822022222222,123.52724577777781,0.5,345.0,2017-09-29 02:22:04,刺网
1643,32.048497999999995,123.52730133333333,0.8,126.0,2017-09-29 02:32:03,刺网
1643,32.04869244444445,123.52741244444445,0.4,253.0,2017-09-29 02:42:04,刺网
1643,32.04880355555556,123.527468,0.7,256.0,2017-09-29 02:52:03,刺网
1643,32.04894244444444,123.52755133333334,0.7,325.0,2017-09-29 03:02:03,刺网
1643,32.04908133333333,123.52774577777778,0.2,0.0,2017-09-29 03:12:04,刺网
1643,32.049192444444444,123.52782911111113,0.5,0.0,2017-09-29 03:22:04,刺网
1643,32.049303555555554,123.52805133333334,0.3,0.0,2017-09-29 03:32:04,刺网
1643,32.049442444444445,123.528218,0.9,317.0,2017-09-29 03:42:03,刺网
1643,32.049442444444445,123.52830133333332,0.6,12.0,2017-09-29 03:52:04,刺网
1643,32.04941466666667,123.52835688888894,0.3,0.0,2017-09-29 04:02:03,刺网
1643,32.049470222222226,123.52863466666668,0.8,0.0,2017-09-29 04:12:03,刺网
1643,32.044553555555545,123.52713466666668,5.9,224.0,2017-09-29 04:22:02,刺网
1643,32.052886888888885,123.52016244444445,5.5,11.0,2017-09-29 04:32:03,刺网
1643,32.06974800000001,123.52030133333334,5.9,347.0,2017-09-29 04:42:02,刺网
1643,32.08874800000001,123.52063466666668,6.2,6.0,2017-09-29 04:52:03,刺网
1643,32.09333133333334,123.51619022222219,6.2,189.0,2017-09-29 05:02:03,刺网
1643,32.076692444444454,123.51630133333336,5.8,178.0,2017-09-29 05:12:03,刺网
1643,32.06002577777778,123.51652355555555,5.8,160.0,2017-09-29 05:22:03,刺网
1643,32.04330355555556,123.51585688888888,6.4,185.0,2017-09-29 05:32:03,刺网
1643,32.05572022222222,123.51252355555556,5.5,1.0,2017-09-29 05:42:03,刺网
1643,32.07360911111112,123.51235688888887,6.3,345.0,2017-09-29 05:52:02,刺网
1643,32.092525777777794,123.51207911111112,6.3,10.0,2017-09-29 06:02:23,刺网
1643,32.092498000000006,123.508218,5.5,161.0,2017-09-29 06:12:03,刺网
1643,32.07563688888889,123.5077457777778,6.3,174.0,2017-09-29 06:22:03,刺网
1643,32.05822022222222,123.5077457777778,6.7,179.0,2017-09-29 06:32:03,刺网
1643,32.04108133333334,123.50869022222223,6.7,154.0,2017-09-29 06:42:02,刺网
1643,32.05122022222222,123.50402355555555,6.6,7.0,2017-09-29 06:52:02,刺网
1643,32.06858133333334,123.50419022222223,6.1,356.0,2017-09-29 07:02:03,刺网
1643,32.086025777777785,123.50413466666667,5.6,4.0,2017-09-29 07:12:03,刺网
1643,32.08147022222223,123.50960688888892,8.8,168.0,2017-09-29 07:22:03,刺网
1643,32.06558133333334,123.51013466666667,1.0,229.0,2017-09-29 07:32:02,刺网
1643,32.05019244444445,123.51907911111113,8.5,157.0,2017-09-29 07:52:02,刺网
1643,32.052553555555555,123.52174577777778,2.7,350.0,2017-09-29 08:02:10,刺网
1643,32.061275777777766,123.52116244444444,3.6,22.0,2017-09-29 08:12:03,刺网
1643,32.069414666666674,123.52102355555556,2.6,345.0,2017-09-29 08:22:02,刺网
1643,32.077720222222226,123.52099577777778,3.1,12.0,2017-09-29 08:32:02,刺网
1643,32.08594244444445,123.520968,3.2,9.0,2017-09-29 08:42:02,刺网
1643,32.09394244444445,123.52088466666667,2.5,355.0,2017-09-29 08:52:03,刺网
1643,32.1001368888889,123.51977355555556,2.7,346.0,2017-09-29 09:02:03,刺网
1643,32.096081333333345,123.51752355555556,1.9,0.0,2017-09-29 09:12:02,刺网
1643,32.08791466666667,123.51749577777781,0.6,0.0,2017-09-29 09:22:03,刺网
1643,32.080025777777784,123.51766244444444,2.0,169.0,2017-09-29 09:32:04,刺网
1643,32.07230355555557,123.51780133333334,3.3,193.0,2017-09-29 09:42:06,刺网
1643,32.06433133333333,123.51874577777778,2.7,145.0,2017-09-29 09:52:24,刺网
1643,32.057525777777784,123.51960688888893,1.4,83.0,2017-09-29 10:02:03,刺网
1643,32.05110911111111,123.52130133333334,2.4,177.0,2017-09-29 10:12:02,刺网
1643,32.04619244444445,123.5164957777778,2.0,284.0,2017-09-29 10:22:01,刺网
1643,32.05238688888889,123.51566244444444,2.8,332.0,2017-09-29 10:32:02,刺网
1643,32.05944244444444,123.51513466666668,1.5,358.0,2017-09-29 10:42:02,刺网
1643,32.066470222222236,123.51469022222223,2.5,7.0,2017-09-29 10:52:02,刺网
1643,32.07380355555557,123.51402355555555,2.8,355.0,2017-09-29 11:02:03,刺网
1643,32.08177577777778,123.51355133333334,2.2,348.0,2017-09-29 11:12:02,刺网
1643,32.088692444444455,123.513218,2.7,354.0,2017-09-29 11:22:02,刺网
1643,32.09522022222223,123.51282911111113,1.7,3.0,2017-09-29 11:32:02,刺网
1643,32.09919244444445,123.51007911111112,0.9,263.0,2017-09-29 11:42:02,刺网
1643,32.09527577777778,123.507468,1.2,223.0,2017-09-29 11:52:02,刺网
1643,32.09452577777778,123.50619022222222,0.5,0.0,2017-09-29 12:02:27,刺网
1643,32.091998000000004,123.50260688888888,2.1,227.0,2017-09-29 12:12:07,刺网
1643,32.09494244444445,123.50844022222223,2.8,144.0,2017-09-29 12:22:05,刺网
1643,32.08688688888889,123.5092457777778,3.1,172.0,2017-09-29 12:32:01,刺网
1643,32.07905355555556,123.50941244444445,3.2,185.0,2017-09-29 12:42:02,刺网
1643,32.07169244444445,123.51085688888894,2.2,182.0,2017-09-29 12:52:02,刺网
1643,32.06380355555556,123.51144022222222,3.1,186.0,2017-09-29 13:02:07,刺网
1643,32.055997999999995,123.51182911111113,3.1,167.0,2017-09-29 13:12:02,刺网
1643,32.048386888888885,123.51041244444444,3.0,172.0,2017-09-29 13:22:03,刺网
1643,32.04138688888889,123.51221800000002,3.7,203.0,2017-09-29 13:32:02,刺网
1643,32.04422022222221,123.50732911111112,2.6,349.0,2017-09-29 13:42:03,刺网
1643,32.059748,123.50757911111113,3.1,346.0,2017-09-29 14:02:01,刺网
1643,32.067581333333344,123.506718,2.8,12.0,2017-09-29 14:12:01,刺网
1643,32.07527577777778,123.50532911111112,2.8,13.0,2017-09-29 14:22:01,刺网
1643,32.08227577777778,123.50555133333334,3.1,13.0,2017-09-29 14:32:01,刺网
1643,32.08816466666667,123.50382911111113,1.4,302.0,2017-09-29 14:42:01,刺网
1643,32.096609111111114,123.50005133333332,6.0,350.0,2017-09-29 14:52:01,刺网
1643,32.11674800000001,123.49902355555555,7.0,354.0,2017-09-29 15:02:01,刺网
1643,32.138025777777784,123.4972457777778,6.9,347.0,2017-09-29 15:12:01,刺网
1643,32.159970222222235,123.49585688888894,8.7,359.0,2017-09-29 15:22:01,刺网
1643,32.182775777777785,123.49341244444444,8.7,3.0,2017-09-29 15:32:01,刺网
1643,32.2061368888889,123.49085688888893,9.2,355.0,2017-09-29 15:42:01,刺网
1643,32.229720222222234,123.48852355555556,8.2,359.0,2017-09-29 15:52:01,刺网
1643,32.25458133333333,123.48613466666669,8.5,353.0,2017-09-29 16:02:23,刺网
1643,32.277998000000004,123.48435688888893,9.2,352.0,2017-09-29 16:12:01,刺网
1643,32.30235911111112,123.48285688888888,9.2,346.0,2017-09-29 16:22:00,刺网
1643,32.326470222222234,123.48088466666668,8.4,353.0,2017-09-29 16:32:01,刺网
1643,32.35066466666667,123.476718,9.0,328.0,2017-09-29 16:42:01,刺网
1643,32.399470222222234,123.47105133333334,8.8,357.0,2017-09-29 17:02:01,刺网
1643,32.42388688888889,123.46944022222223,8.6,355.0,2017-09-29 17:12:01,刺网
1643,32.473609111111124,123.46819022222223,9.5,350.0,2017-09-29 17:32:01,刺网
1643,32.498636888888896,123.467718,8.6,0.0,2017-09-29 17:42:00,刺网
1643,32.524470222222234,123.466218,9.2,0.0,2017-09-29 17:52:24,刺网
1643,32.54858133333334,123.46485688888887,8.7,358.0,2017-09-29 18:02:00,刺网
1643,32.573914666666674,123.46410688888888,9.3,2.0,2017-09-29 18:12:00,刺网
1643,32.59969244444445,123.46332911111112,9.1,355.0,2017-09-29 18:22:00,刺网
1643,32.625470222222226,123.46205133333336,9.3,356.0,2017-09-29 18:32:00,刺网
1643,32.65110911111111,123.46057911111113,9.3,353.0,2017-09-29 18:42:00,刺网
1643,32.67694244444444,123.45805133333334,9.0,357.0,2017-09-29 18:52:00,刺网
1643,32.70294244444445,123.4552457777778,9.0,354.0,2017-09-29 19:02:00,刺网
1643,32.72880355555556,123.45416244444445,9.3,2.0,2017-09-29 19:12:00,刺网
1643,32.75447022222223,123.45377355555556,9.0,0.0,2017-09-29 19:22:01,刺网
1643,32.76058133333334,123.45291244444445,0.3,0.0,2017-09-29 19:32:00,刺网
1643,32.76058133333334,123.452968,0.5,0.0,2017-09-29 19:42:00,刺网
1643,32.76058133333334,123.45313466666668,0.3,0.0,2017-09-29 19:51:59,刺网
1643,32.760525777777794,123.45316244444444,0.1,0.0,2017-09-29 20:02:23,刺网
1643,32.76055355555556,123.45319022222223,0.4,0.0,2017-09-29 20:11:59,刺网
1643,32.76047022222223,123.45330133333334,0.2,0.0,2017-09-29 20:21:59,刺网
1643,32.76047022222223,123.45332911111113,0.2,0.0,2017-09-29 20:31:59,刺网
1643,32.76044244444444,123.45338466666668,0.8,343.0,2017-09-29 20:41:59,刺网
1643,32.76041466666667,123.45338466666668,0.4,0.0,2017-09-29 20:51:59,刺网
1643,32.76044244444444,123.45344022222223,0.1,0.0,2017-09-29 21:02:00,刺网
1643,32.76044244444444,123.45344022222223,1.0,51.0,2017-09-29 21:11:59,刺网
1643,32.76044244444444,123.45338466666668,0.6,60.0,2017-09-29 21:21:59,刺网
1643,32.76044244444444,123.45352355555555,0.4,0.0,2017-09-29 21:31:59,刺网
1643,32.76038688888889,123.4534957777778,0.3,0.0,2017-09-29 21:41:59,刺网
1643,32.760359111111114,123.45360688888893,0.4,0.0,2017-09-29 21:51:59,刺网
1643,32.76030355555556,123.45363466666667,0.1,0.0,2017-09-29 22:02:01,刺网
1643,32.76027577777778,123.45377355555556,0.4,0.0,2017-09-29 22:12:01,刺网
1643,32.76030355555556,123.45355133333334,0.2,0.0,2017-09-29 22:22:23,刺网
1643,32.76033133333333,123.45357911111113,0.3,0.0,2017-09-29 22:31:59,刺网
1643,32.76030355555556,123.45360688888893,0.3,0.0,2017-09-29 22:42:00,刺网
1643,32.76033133333333,123.45355133333334,0.1,0.0,2017-09-29 22:51:59,刺网
1643,32.76030355555556,123.45360688888893,0.0,0.0,2017-09-29 23:02:01,刺网
1643,32.76027577777778,123.45363466666667,0.3,0.0,2017-09-29 23:11:59,刺网
1643,32.760248000000004,123.45366244444445,0.1,0.0,2017-09-29 23:21:59,刺网
1643,32.76013688888889,123.453718,0.0,0.0,2017-09-29 23:31:59,刺网
1643,32.76016466666667,123.45374577777778,0.5,164.0,2017-09-29 23:41:59,刺网
1643,32.76016466666667,123.45374577777778,0.1,0.0,2017-09-29 23:51:58,刺网
1643,32.76008133333334,123.45377355555556,0.4,0.0,2017-09-30 00:02:00,刺网
1643,32.76016466666667,123.45374577777778,0.1,0.0,2017-09-30 00:11:59,刺网
1643,32.76016466666667,123.453718,0.7,343.0,2017-09-30 00:21:58,刺网
1643,32.759998,123.45377355555556,0.1,0.0,2017-09-30 00:31:58,刺网
1643,32.76008133333334,123.45380133333336,0.3,0.0,2017-09-30 00:41:58,刺网
1643,32.760025777777784,123.45380133333336,0.0,0.0,2017-09-30 00:51:58,刺网
1643,32.76013688888889,123.453718,0.1,0.0,2017-09-30 01:02:02,刺网
1643,32.76013688888889,123.45374577777778,0.2,0.0,2017-09-30 01:11:59,刺网
1643,32.76008133333334,123.453718,0.1,0.0,2017-09-30 01:21:58,刺网
1643,32.76010911111111,123.45369022222219,0.2,0.0,2017-09-30 01:32:00,刺网
1643,32.760220222222216,123.45357911111113,0.2,0.0,2017-09-30 01:41:59,刺网
1643,32.76016466666667,123.45363466666667,0.2,0.0,2017-09-30 01:52:00,刺网
1643,32.76010911111111,123.45360688888893,0.2,0.0,2017-09-30 02:02:23,刺网
1643,32.760220222222216,123.45344022222223,1.1,19.0,2017-09-30 02:11:58,刺网
1643,32.76030355555556,123.45332911111113,0.5,343.0,2017-09-30 02:21:59,刺网
1643,32.76030355555556,123.45307911111112,0.6,352.0,2017-09-30 02:31:57,刺网
1643,32.76027577777778,123.45285688888887,0.1,0.0,2017-09-30 02:41:58,刺网
1643,32.76033133333333,123.45260688888894,0.4,0.0,2017-09-30 02:51:59,刺网
1643,32.76041466666667,123.45241244444445,0.4,288.0,2017-09-30 03:02:00,刺网
1643,32.76038688888889,123.45238466666667,0.2,0.0,2017-09-30 03:11:59,刺网
1643,32.76033133333333,123.4522457777778,0.2,0.0,2017-09-30 03:22:00,刺网
1643,32.760359111111114,123.45227355555555,0.2,0.0,2017-09-30 03:31:59,刺网
1643,32.76030355555556,123.45230133333334,0.3,0.0,2017-09-30 03:41:59,刺网
1643,32.760359111111114,123.45230133333334,0.2,0.0,2017-09-30 03:51:59,刺网
1643,32.76030355555556,123.45213466666668,0.3,0.0,2017-09-30 04:02:00,刺网
1643,32.759053555555546,123.45302355555555,2.5,151.0,2017-09-30 04:12:04,刺网
1643,32.775859111111124,123.45385688888894,6.1,359.0,2017-09-30 04:22:24,刺网
1643,32.79269244444445,123.45413466666668,6.2,349.0,2017-09-30 04:31:59,刺网
1643,32.809998,123.45357911111113,6.4,5.0,2017-09-30 04:41:59,刺网
1643,32.82747022222223,123.45394022222223,6.7,357.0,2017-09-30 04:51:58,刺网
1643,32.828081333333344,123.44844022222223,6.3,185.0,2017-09-30 05:01:58,刺网
1643,32.81094244444444,123.44885688888893,6.2,186.0,2017-09-30 05:11:58,刺网
1643,32.793553555555555,123.4487457777778,6.4,178.0,2017-09-30 05:21:58,刺网
1643,32.776136888888885,123.44863466666668,6.3,177.0,2017-09-30 05:31:59,刺网
1643,32.774692444444455,123.4437457777778,5.9,8.0,2017-09-30 05:41:58,刺网
1643,32.79285911111111,123.44410688888892,6.7,356.0,2017-09-30 05:51:58,刺网
1643,32.811997999999996,123.44410688888892,7.4,1.0,2017-09-30 06:01:59,刺网
1643,32.83160911111111,123.443968,7.1,10.0,2017-09-30 06:11:58,刺网
1643,32.83305355555556,123.438968,5.8,178.0,2017-09-30 06:21:59,刺网
1643,32.796581333333336,123.43919022222224,6.3,182.0,2017-09-30 06:41:58,刺网
1643,32.778248000000005,123.438968,5.9,179.0,2017-09-30 06:51:58,刺网
1643,32.76305355555556,123.44513466666668,7.4,104.0,2017-09-30 07:01:59,刺网
1643,32.762886888888886,123.457218,0.9,340.0,2017-09-30 07:11:59,刺网
1643,32.76444244444445,123.45655133333337,0.5,0.0,2017-09-30 07:21:58,刺网
1643,32.76605355555556,123.45571800000002,0.5,0.0,2017-09-30 07:31:58,刺网
1643,32.76860911111111,123.45477355555555,3.9,285.0,2017-09-30 07:41:58,刺网
1643,32.77158133333334,123.45305133333336,1.5,0.0,2017-09-30 07:51:57,刺网
1643,32.78052577777778,123.45319022222223,3.5,357.0,2017-09-30 08:02:29,刺网
1643,32.78935911111111,123.45369022222219,3.8,358.0,2017-09-30 08:11:59,刺网
1643,32.79883133333333,123.45527355555555,3.1,358.0,2017-09-30 08:21:58,刺网
1643,32.80672022222222,123.45549577777778,2.1,15.0,2017-09-30 08:31:58,刺网
1643,32.81452577777778,123.45727355555556,2.9,5.0,2017-09-30 08:41:59,刺网
1643,32.823498,123.45713466666668,3.1,346.0,2017-09-30 08:51:58,刺网
1643,32.831386888888886,123.45691244444444,3.0,3.0,2017-09-30 09:02:00,刺网
1643,32.83816466666667,123.45557911111112,2.3,287.0,2017-09-30 09:11:57,刺网
1643,32.83219244444445,123.45380133333336,3.0,184.0,2017-09-30 09:21:58,刺网
1643,32.824525777777794,123.455468,3.4,150.0,2017-09-30 09:31:59,刺网
1643,32.815970222222234,123.45619022222222,0.9,186.0,2017-09-30 09:41:57,刺网
1643,32.80913688888889,123.45482911111112,3.1,192.0,2017-09-30 09:51:56,刺网
1643,32.800748,123.454968,2.2,192.0,2017-09-30 10:01:57,刺网
1643,32.793053555555545,123.45330133333334,3.8,151.0,2017-09-30 10:11:56,刺网
1643,32.78433133333333,123.4522457777778,2.3,200.0,2017-09-30 10:21:56,刺网
1643,32.77680355555556,123.45055133333337,0.8,177.0,2017-09-30 10:31:57,刺网
1643,32.77227577777778,123.44635688888893,2.4,325.0,2017-09-30 10:41:56,刺网
1643,32.78041466666667,123.44527355555556,2.6,8.0,2017-09-30 10:51:56,刺网
1643,32.78844244444444,123.44510688888893,1.3,126.0,2017-09-30 11:01:58,刺网
1643,32.79213688888889,123.44902355555556,3.0,20.0,2017-09-30 11:11:57,刺网
1643,32.799803555555556,123.45235688888893,3.6,19.0,2017-09-30 11:21:56,刺网
1643,32.80797022222223,123.451968,2.6,15.0,2017-09-30 11:31:57,刺网
1643,32.81635911111112,123.45435688888894,3.0,19.0,2017-09-30 11:42:22,刺网
1643,32.824025777777784,123.45630133333334,2.8,14.0,2017-09-30 11:51:57,刺网
1643,32.831525777777784,123.45827355555555,2.6,14.0,2017-09-30 12:01:58,刺网
1643,32.83810911111112,123.45716244444445,2.4,341.0,2017-09-30 12:11:57,刺网
1643,32.83527577777778,123.45755133333334,3.3,173.0,2017-09-30 12:21:56,刺网
1643,32.82677577777778,123.45577355555555,1.9,206.0,2017-09-30 12:31:57,刺网
1643,32.81963688888889,123.45291244444445,3.5,193.0,2017-09-30 12:41:57,刺网
1643,32.81247022222223,123.448218,3.5,211.0,2017-09-30 12:51:56,刺网
1643,32.805192444444444,123.44932911111113,3.5,165.0,2017-09-30 13:01:57,刺网
1643,32.796553555555555,123.4499957777778,3.4,199.0,2017-09-30 13:11:56,刺网
1643,32.78877577777778,123.446968,3.1,227.0,2017-09-30 13:21:56,刺网
1643,32.78452577777778,123.442718,4.4,75.0,2017-09-30 13:31:56,刺网
1643,32.767386888888886,123.43949577777781,1.0,254.0,2017-09-30 13:41:56,刺网
1643,32.77355355555556,123.4409957777778,2.7,1.0,2017-09-30 13:51:56,刺网
1643,32.78669244444445,123.44427355555555,1.2,352.0,2017-09-30 14:11:56,刺网
1643,32.79452577777778,123.44566244444445,0.8,276.0,2017-09-30 14:21:56,刺网
1643,32.79405355555556,123.44527355555556,0.1,0.0,2017-09-30 14:31:56,刺网
1643,32.79422022222221,123.44532911111112,0.5,0.0,2017-09-30 14:41:56,刺网
1643,32.79416466666667,123.44530133333336,0.3,0.0,2017-09-30 14:51:55,刺网
1643,32.79422022222221,123.44527355555556,0.2,0.0,2017-09-30 15:01:57,刺网
1643,32.79416466666667,123.44527355555556,0.4,0.0,2017-09-30 15:11:55,刺网
1643,32.79433133333333,123.44535688888894,0.4,179.0,2017-09-30 15:21:56,刺网
1643,32.79435911111111,123.44532911111112,0.2,0.0,2017-09-30 15:31:56,刺网
1643,32.794470222222216,123.44538466666668,0.2,0.0,2017-09-30 15:41:55,刺网
1643,32.794470222222216,123.44538466666668,0.2,0.0,2017-09-30 15:51:56,刺网
1643,32.79441466666667,123.44538466666668,0.4,0.0,2017-09-30 16:01:57,刺网
1643,32.79466466666667,123.44544022222223,0.5,0.0,2017-09-30 16:11:55,刺网
1643,32.79472022222223,123.44552355555555,0.4,0.0,2017-09-30 16:21:56,刺网
1643,32.79477577777778,123.44555133333336,0.8,79.0,2017-09-30 16:31:57,刺网
1643,32.79485911111112,123.44552355555555,0.3,0.0,2017-09-30 16:41:56,刺网
1643,32.79502577777778,123.44555133333336,0.2,0.0,2017-09-30 16:51:58,刺网
1643,32.794942444444445,123.44535688888894,0.2,0.0,2017-09-30 17:01:58,刺网
1643,32.795164666666665,123.44530133333336,0.6,0.0,2017-09-30 17:11:57,刺网
1643,32.79533133333333,123.4452457777778,0.3,0.0,2017-09-30 17:21:56,刺网
1643,32.795497999999995,123.44510688888893,1.0,0.0,2017-09-30 17:31:55,刺网
1643,32.79580355555556,123.44513466666668,0.6,0.0,2017-09-30 17:41:56,刺网
1643,32.79594244444444,123.4449957777778,1.1,0.0,2017-09-30 17:51:57,刺网
1643,32.79608133333334,123.44485688888888,0.4,0.0,2017-09-30 18:02:23,刺网
1643,32.79627577777778,123.44457911111112,0.3,0.0,2017-09-30 18:11:56,刺网
1643,32.79635911111112,123.44427355555555,0.1,0.0,2017-09-30 18:21:57,刺网
1643,32.79683133333333,123.44427355555555,0.5,0.0,2017-09-30 18:31:56,刺网
1643,32.79716466666667,123.44388466666668,0.6,25.0,2017-09-30 18:41:57,刺网
1643,32.797470222222216,123.443718,0.7,305.0,2017-09-30 18:51:57,刺网
1643,32.798248,123.443468,0.5,0.0,2017-09-30 19:11:56,刺网
1643,32.79869244444445,123.44332911111113,0.4,0.0,2017-09-30 19:21:56,刺网
1643,32.79916466666666,123.44316244444444,0.9,0.0,2017-09-30 19:31:57,刺网
1643,32.79972022222222,123.442968,0.2,0.0,2017-09-30 19:41:59,刺网
1643,32.80002577777778,123.44282911111112,1.4,142.0,2017-09-30 19:51:55,刺网
1643,32.80038688888889,123.44280133333336,0.2,0.0,2017-09-30 20:01:58,刺网
1643,32.800609111111115,123.44288466666669,0.4,0.0,2017-09-30 20:11:55,刺网
1643,32.80080355555556,123.44294022222223,1.1,148.0,2017-09-30 20:21:56,刺网
1643,32.801164666666665,123.44288466666669,1.3,187.0,2017-09-30 20:31:55,刺网
1643,32.801414666666666,123.44302355555556,0.7,0.0,2017-09-30 20:41:56,刺网
1643,32.80172022222221,123.44305133333334,0.9,0.0,2017-09-30 20:51:56,刺网
1643,32.801775777777785,123.44305133333334,0.4,0.0,2017-09-30 21:02:23,刺网
1643,32.801998,123.44307911111113,0.6,282.0,2017-09-30 21:11:55,刺网
1643,32.80213688888889,123.44310688888888,0.6,99.0,2017-09-30 21:21:55,刺网
1643,32.80233133333333,123.44327355555555,0.8,12.0,2017-09-30 21:31:54,刺网
1643,32.802442444444445,123.44327355555555,1.4,24.0,2017-09-30 21:41:55,刺网
1643,32.80252577777778,123.44335688888893,0.2,0.0,2017-09-30 21:51:55,刺网
1643,32.80263688888889,123.44332911111113,0.8,79.0,2017-09-30 22:01:56,刺网
1643,32.80272022222222,123.44344022222224,0.6,0.0,2017-09-30 22:11:55,刺网
1643,32.802803555555556,123.44341244444445,0.8,0.0,2017-09-30 22:21:55,刺网
1643,32.80277577777777,123.4432457777778,1.2,0.0,2017-09-30 22:31:57,刺网
1643,32.80302577777778,123.44360688888894,0.0,0.0,2017-09-30 22:42:53,刺网
1643,32.80310911111111,123.44360688888894,0.7,14.0,2017-09-30 22:51:55,刺网
1643,32.80319244444445,123.44363466666668,1.1,8.0,2017-09-30 23:01:56,刺网
1643,32.803248,123.44366244444444,0.6,50.0,2017-09-30 23:11:55,刺网
1643,32.803248,123.44385688888887,1.6,154.0,2017-09-30 23:21:55,刺网
1643,32.80333133333333,123.44380133333334,0.8,352.0,2017-09-30 23:31:55,刺网
1643,32.80338688888889,123.4439402222222,0.4,22.0,2017-09-30 23:41:55,刺网
1643,32.80338688888889,123.4439957777778,0.3,0.0,2017-09-30 23:51:55,刺网
1643,32.80344244444444,123.4439957777778,0.3,29.0,2017-10-01 00:01:56,刺网
1643,32.80347022222223,123.4439957777778,1.0,64.0,2017-10-01 00:11:55,刺网
1643,32.80352577777778,123.44388466666668,0.5,230.0,2017-10-01 00:21:54,刺网
1643,32.803581333333334,123.44388466666668,0.6,64.0,2017-10-01 00:31:55,刺网
1643,32.803609111111115,123.44380133333334,0.3,0.0,2017-10-01 00:41:54,刺网
1643,32.80366466666666,123.44366244444444,0.2,0.0,2017-10-01 00:51:54,刺网
1643,32.80366466666666,123.44363466666668,0.8,44.0,2017-10-01 01:01:54,刺网
1643,32.803692444444444,123.44352355555556,1.0,334.0,2017-10-01 01:11:54,刺网
1643,32.80372022222222,123.44338466666667,0.6,0.0,2017-10-01 01:21:54,刺网
1643,32.80372022222222,123.44313466666668,0.4,251.0,2017-10-01 01:31:54,刺网
1643,32.80383133333333,123.4432457777778,0.4,137.0,2017-10-01 01:41:54,刺网
1643,32.80388688888889,123.44307911111113,1.2,0.0,2017-10-01 01:51:56,刺网
1643,32.80385911111112,123.442718,0.6,290.0,2017-10-01 02:11:54,刺网
1643,32.804053555555555,123.44277355555558,0.5,136.0,2017-10-01 02:21:54,刺网
1643,32.80413688888889,123.44249577777781,0.4,349.0,2017-10-01 02:31:54,刺网
1643,32.80419244444445,123.442468,0.2,0.0,2017-10-01 02:41:54,刺网
1643,32.80427577777777,123.4422457777778,0.0,0.0,2017-10-01 02:51:54,刺网
1643,32.80427577777777,123.44182911111113,0.6,210.0,2017-10-01 03:01:55,刺网
1643,32.80413688888889,123.44144022222223,0.9,274.0,2017-10-01 03:11:54,刺网
1643,32.80422022222222,123.441218,0.0,0.0,2017-10-01 03:21:54,刺网
1643,32.804386888888885,123.440968,1.0,303.0,2017-10-01 03:31:54,刺网
1643,32.80455355555555,123.44066244444444,0.1,0.0,2017-10-01 03:41:54,刺网
1643,32.80466466666667,123.44055133333336,0.7,67.0,2017-10-01 03:51:54,刺网
1643,32.80472022222221,123.44038466666667,0.4,0.0,2017-10-01 04:01:55,刺网
1643,32.805109111111115,123.44030133333335,0.6,328.0,2017-10-01 04:11:54,刺网
1643,32.805442444444445,123.44019022222223,0.7,0.0,2017-10-01 04:21:54,刺网
1643,32.805498,123.439968,1.0,357.0,2017-10-01 04:31:54,刺网
1643,32.805914666666666,123.43969022222224,0.7,0.0,2017-10-01 04:41:54,刺网
1643,32.806248000000004,123.43957911111113,0.5,0.0,2017-10-01 04:51:54,刺网
1643,32.804859111111114,123.440468,2.4,173.0,2017-10-01 05:01:55,刺网
1643,32.79869244444445,123.44305133333334,4.5,200.0,2017-10-01 05:11:53,刺网
1643,32.79033133333333,123.44813466666668,6.5,336.0,2017-10-01 05:21:54,刺网
1643,32.80594244444444,123.44657911111112,6.1,8.0,2017-10-01 05:31:54,刺网
1643,32.82177577777778,123.44707911111112,5.4,8.0,2017-10-01 05:41:53,刺网
1643,32.837970222222225,123.44702355555556,5.9,5.0,2017-10-01 05:52:24,刺网
1643,32.85141466666667,123.44716244444444,5.7,335.0,2017-10-01 06:01:54,刺网
1643,32.86627577777778,123.44732911111113,6.1,339.0,2017-10-01 06:11:53,刺网
1643,32.88097022222223,123.44782911111112,6.3,341.0,2017-10-01 06:21:53,刺网
1643,32.89644244444445,123.44719022222223,5.9,19.0,2017-10-01 06:31:53,刺网
1643,32.910970222222225,123.447468,4.4,21.0,2017-10-01 06:41:53,刺网
1643,32.926248,123.44738466666668,5.3,14.0,2017-10-01 06:51:53,刺网
1643,32.92394244444444,123.43982911111112,3.8,187.0,2017-10-01 07:01:54,刺网
1643,32.91316466666667,123.439468,3.8,197.0,2017-10-01 07:11:53,刺网
1643,32.901247999999995,123.43827355555555,5.4,163.0,2017-10-01 07:21:53,刺网
1643,32.888498,123.43810688888892,6.4,207.0,2017-10-01 07:31:53,刺网
1643,32.86510911111111,123.43630133333336,5.2,188.0,2017-10-01 07:51:53,刺网
1643,32.84024800000001,123.4341068888889,3.7,194.0,2017-10-01 08:11:53,刺网
1643,32.8306368888889,123.43691244444445,6.1,115.0,2017-10-01 08:21:53,刺网
1643,32.820553555555556,123.43782911111113,3.0,168.0,2017-10-01 08:31:54,刺网
1643,32.80672022222222,123.43807911111112,1.9,35.0,2017-10-01 08:51:54,刺网
1643,32.81513688888889,123.43794022222224,3.6,322.0,2017-10-01 09:01:54,刺网
1643,32.8241368888889,123.43860688888893,4.0,308.0,2017-10-01 09:11:54,刺网
1643,32.83388688888889,123.43916244444445,3.9,22.0,2017-10-01 09:21:53,刺网
1643,32.84247022222223,123.44035688888893,3.3,2.0,2017-10-01 09:31:53,刺网
1643,32.85983133333333,123.44160688888893,3.8,20.0,2017-10-01 09:51:53,刺网
1643,32.86894244444445,123.44316244444444,3.5,330.0,2017-10-01 10:01:53,刺网
1643,32.87733133333334,123.44441244444445,4.0,340.0,2017-10-01 10:11:53,刺网
1643,32.885998,123.44505133333334,4.3,10.0,2017-10-01 10:21:53,刺网
1643,32.894803555555555,123.445968,3.4,19.0,2017-10-01 10:32:23,刺网
1643,32.90313688888889,123.44591244444445,2.8,348.0,2017-10-01 10:41:52,刺网
1643,32.91138688888889,123.44630133333335,3.3,351.0,2017-10-01 10:51:52,刺网
1643,32.91885911111112,123.44694022222224,3.5,30.0,2017-10-01 11:01:52,刺网
1643,32.927081333333334,123.44816244444445,2.6,4.0,2017-10-01 11:11:52,刺网
1643,32.934914666666664,123.448718,3.1,12.0,2017-10-01 11:21:52,刺网
1643,32.94144244444444,123.44660688888894,1.0,307.0,2017-10-01 11:31:52,刺网
1643,32.938859111111114,123.4432457777778,6.0,280.0,2017-10-01 11:41:52,刺网
1643,32.934609111111115,123.44349577777781,2.3,136.0,2017-10-01 11:51:52,刺网
1643,32.928775777777766,123.44644022222224,1.9,199.0,2017-10-01 12:01:53,刺网
1643,32.925498,123.44605133333334,1.1,140.0,2017-10-01 12:11:52,刺网
1643,32.922470222222216,123.44644022222224,2.1,210.0,2017-10-01 12:21:52,刺网
1643,32.915581333333336,123.44702355555556,0.8,0.0,2017-10-01 12:31:52,刺网
1643,32.90958133333333,123.44727355555555,2.3,218.0,2017-10-01 12:41:52,刺网
1643,32.90363688888889,123.44657911111112,3.7,136.0,2017-10-01 12:51:52,刺网
1643,32.89658133333334,123.44694022222224,2.7,205.0,2017-10-01 13:01:52,刺网
1643,32.890914666666674,123.44594022222223,3.0,171.0,2017-10-01 13:11:52,刺网
1643,32.88463688888889,123.44616244444444,2.4,187.0,2017-10-01 13:21:55,刺网
1643,32.879720222222225,123.446718,3.2,128.0,2017-10-01 13:31:52,刺网
1643,32.87230355555556,123.44727355555555,3.2,207.0,2017-10-01 13:42:24,刺网
1643,32.86630355555556,123.44657911111112,0.9,0.0,2017-10-01 13:51:52,刺网
1643,32.858414666666675,123.44757911111112,4.2,169.0,2017-10-01 14:01:56,刺网
1643,32.85135911111111,123.4452457777778,2.0,206.0,2017-10-01 14:11:53,刺网
1643,32.84405355555556,123.44380133333334,1.1,197.0,2017-10-01 14:22:25,刺网
1643,32.84274800000001,123.44455133333334,2.6,137.0,2017-10-01 14:31:52,刺网
1643,32.84233133333333,123.44613466666668,1.5,19.0,2017-10-01 14:41:52,刺网
1643,32.843303555555565,123.4474957777778,0.5,0.0,2017-10-01 14:51:52,刺网
1643,32.842109111111114,123.44713466666668,1.3,97.0,2017-10-01 15:01:52,刺网
1643,32.84269244444445,123.44641244444445,1.5,129.0,2017-10-01 15:11:52,刺网
1643,32.842859111111125,123.44594022222223,0.9,282.0,2017-10-01 15:21:52,刺网
1643,32.84266466666667,123.44663466666668,1.0,84.0,2017-10-01 15:31:51,刺网
1643,32.842859111111125,123.44605133333334,0.5,0.0,2017-10-01 15:41:51,刺网
1643,32.84274800000001,123.44630133333335,0.6,0.0,2017-10-01 15:51:51,刺网
1643,32.842831333333336,123.44616244444444,1.7,328.0,2017-10-01 16:01:56,刺网
1643,32.842859111111125,123.44599577777781,0.2,0.0,2017-10-01 16:11:51,刺网
1643,32.84288688888889,123.44585688888893,0.4,84.0,2017-10-01 16:21:51,刺网
1643,32.84294244444445,123.44566244444445,2.0,310.0,2017-10-01 16:31:52,刺网
1643,32.84291466666667,123.44557911111113,0.5,0.0,2017-10-01 16:41:55,刺网
1643,32.842998,123.44532911111112,0.9,0.0,2017-10-01 16:51:53,刺网
1643,32.84294244444445,123.44532911111112,0.5,0.0,2017-10-01 17:02:24,刺网
1643,32.842970222222235,123.44532911111112,0.9,73.0,2017-10-01 17:11:52,刺网
1643,32.842970222222235,123.44530133333336,0.2,0.0,2017-10-01 17:21:51,刺网
1643,32.842998,123.44538466666668,1.1,149.0,2017-10-01 17:31:51,刺网
1643,32.84294244444445,123.4452457777778,0.2,0.0,2017-10-01 17:41:51,刺网
1643,32.842970222222235,123.44516244444445,0.2,0.0,2017-10-01 17:51:51,刺网
1643,32.842970222222235,123.445218,0.4,0.0,2017-10-01 18:01:52,刺网
1643,32.84294244444445,123.44507911111113,1.3,69.0,2017-10-01 18:11:52,刺网
1643,32.842970222222235,123.44502355555555,0.9,121.0,2017-10-01 18:21:52,刺网
1643,32.842970222222235,123.4449957777778,0.5,0.0,2017-10-01 18:31:51,刺网
1643,32.842970222222235,123.444968,0.5,0.0,2017-10-01 18:41:51,刺网
1643,32.842970222222235,123.44507911111113,0.2,0.0,2017-10-01 18:51:51,刺网
1643,32.84294244444445,123.44507911111113,0.2,0.0,2017-10-01 19:01:52,刺网
1643,32.84294244444445,123.44510688888893,0.6,0.0,2017-10-01 19:11:51,刺网
1643,32.842998,123.44513466666668,0.3,0.0,2017-10-01 19:21:51,刺网
1643,32.84302577777778,123.44527355555556,1.0,157.0,2017-10-01 19:31:53,刺网
1643,32.842998,123.44535688888894,0.1,0.0,2017-10-01 19:41:51,刺网
1643,32.842998,123.44527355555556,1.0,142.0,2017-10-01 19:51:51,刺网
1643,32.842970222222235,123.44530133333336,0.4,0.0,2017-10-01 20:02:24,刺网
1643,32.842970222222235,123.44541244444444,2.0,261.0,2017-10-01 20:11:51,刺网
1643,32.84294244444445,123.44549577777781,0.3,0.0,2017-10-01 20:21:51,刺网
1643,32.84294244444445,123.44577355555555,1.6,315.0,2017-10-01 20:31:50,刺网
1643,32.84288688888889,123.44582911111112,1.6,201.0,2017-10-01 20:41:50,刺网
1643,32.842859111111125,123.44602355555556,1.7,108.0,2017-10-01 20:51:50,刺网
1643,32.84288688888889,123.44602355555556,0.7,243.0,2017-10-01 21:01:50,刺网
1643,32.84288688888889,123.44607911111113,0.3,0.0,2017-10-01 21:11:50,刺网
1643,32.842859111111125,123.44607911111113,0.4,0.0,2017-10-01 21:21:50,刺网
1643,32.842859111111125,123.44616244444444,0.5,304.0,2017-10-01 21:31:51,刺网
1643,32.842831333333336,123.44621800000002,0.2,0.0,2017-10-01 21:41:50,刺网
1643,32.84277577777778,123.44638466666667,0.2,0.0,2017-10-01 21:51:50,刺网
1643,32.84277577777778,123.44644022222224,0.2,0.0,2017-10-01 22:01:51,刺网
1643,32.84260911111112,123.44682911111113,0.4,0.0,2017-10-01 22:11:50,刺网
1643,32.842525777777794,123.44691244444445,0.6,5.0,2017-10-01 22:21:50,刺网
1643,32.84241466666667,123.44710688888892,0.9,98.0,2017-10-01 22:31:50,刺网
1643,32.842359111111115,123.44719022222223,1.0,74.0,2017-10-01 22:41:50,刺网
1643,32.84227577777778,123.44732911111113,0.2,0.0,2017-10-01 22:51:50,刺网
1643,32.84222022222223,123.44735688888888,0.6,0.0,2017-10-01 23:01:51,刺网
1643,32.842109111111114,123.44752355555555,0.0,0.0,2017-10-01 23:12:23,刺网
1643,32.84205355555556,123.44755133333334,0.9,304.0,2017-10-01 23:21:50,刺网
1643,32.84188688888889,123.447718,0.8,250.0,2017-10-01 23:31:50,刺网
1643,32.841914666666675,123.44769022222223,1.2,231.0,2017-10-01 23:41:50,刺网
1643,32.84188688888889,123.447718,2.0,351.0,2017-10-01 23:51:50,刺网
1643,32.841720222222236,123.44782911111112,1.9,323.0,2017-10-02 00:11:50,刺网
1643,32.841498,123.44796800000002,0.6,172.0,2017-10-02 00:21:50,刺网
1643,32.841470222222235,123.44796800000002,0.3,0.0,2017-10-02 00:31:50,刺网
1643,32.841331333333336,123.44805133333335,0.6,255.0,2017-10-02 00:41:50,刺网
1643,32.84124800000001,123.44810688888893,0.4,0.0,2017-10-02 00:51:50,刺网
1643,32.84110911111112,123.44813466666668,0.8,135.0,2017-10-02 01:01:51,刺网
1643,32.84097022222223,123.4481902222222,0.4,352.0,2017-10-02 01:11:50,刺网
1643,32.840775777777786,123.448218,1.1,163.0,2017-10-02 01:21:50,刺网
1643,32.840498000000004,123.44827355555556,0.0,0.0,2017-10-02 01:31:49,刺网
1643,32.840303555555565,123.44827355555556,0.5,129.0,2017-10-02 01:41:49,刺网
1643,32.840303555555565,123.448218,1.2,98.0,2017-10-02 01:51:50,刺网
1643,32.84008133333334,123.4481902222222,1.5,325.0,2017-10-02 02:02:24,刺网
1643,32.840053555555556,123.44810688888893,0.2,0.0,2017-10-02 02:11:49,刺网
1643,32.839803555555555,123.44813466666668,0.8,129.0,2017-10-02 02:21:49,刺网
1643,32.839720222222226,123.44807911111113,0.0,0.0,2017-10-02 02:31:49,刺网
1643,32.83944244444445,123.4479957777778,0.8,0.0,2017-10-02 02:41:49,刺网
1643,32.839359111111115,123.44796800000002,0.7,0.0,2017-10-02 02:51:49,刺网
1643,32.839109111111114,123.44780133333336,0.5,0.0,2017-10-02 03:01:50,刺网
1643,32.83883133333334,123.44757911111112,0.5,0.0,2017-10-02 03:11:49,刺网
1643,32.83860911111112,123.44735688888888,0.5,0.0,2017-10-02 03:21:49,刺网
1643,32.83852577777778,123.44719022222223,0.6,0.0,2017-10-02 03:31:49,刺网
1643,32.83838688888889,123.446968,0.8,0.0,2017-10-02 03:41:49,刺网
1643,32.83824800000001,123.44660688888894,1.4,85.0,2017-10-02 03:51:49,刺网
1643,32.838498,123.44616244444444,3.2,319.0,2017-10-02 04:01:50,刺网
1643,32.838720222222236,123.44577355555555,0.3,0.0,2017-10-02 04:12:18,刺网
1643,32.838775777777784,123.44588466666669,0.2,0.0,2017-10-02 04:21:49,刺网
1643,32.838664666666666,123.44560688888893,0.4,0.0,2017-10-02 04:31:49,刺网
1643,32.838664666666666,123.44552355555555,0.7,111.0,2017-10-02 04:41:49,刺网
1643,32.838664666666666,123.44549577777781,0.4,97.0,2017-10-02 04:51:49,刺网
1643,32.8386368888889,123.44535688888894,0.1,0.0,2017-10-02 05:01:50,刺网
1643,32.838664666666666,123.44530133333336,0.1,0.0,2017-10-02 05:11:49,刺网
1643,32.838692444444455,123.4449957777778,0.3,0.0,2017-10-02 05:21:49,刺网
1643,32.838692444444455,123.44488466666668,0.3,0.0,2017-10-02 05:31:50,刺网
1643,32.838692444444455,123.44477355555556,1.0,127.0,2017-10-02 05:41:49,刺网
1643,32.838775777777784,123.44457911111112,0.4,0.0,2017-10-02 05:51:49,刺网
1643,32.838720222222236,123.44460688888893,0.5,0.0,2017-10-02 06:01:49,刺网
1643,32.83883133333334,123.44424577777778,0.6,0.0,2017-10-02 06:11:49,刺网
1643,32.838914666666675,123.44410688888892,0.5,0.0,2017-10-02 06:21:50,刺网
1643,32.838998000000004,123.44402355555556,1.7,100.0,2017-10-02 06:31:50,刺网
1643,32.839025777777785,123.44405133333336,0.4,0.0,2017-10-02 06:41:48,刺网
1643,32.839248000000005,123.44382911111113,0.9,59.0,2017-10-02 06:52:41,刺网
1643,32.83574800000001,123.44588466666669,7.1,135.0,2017-10-02 07:01:48,刺网
1643,32.8231368888889,123.46480133333334,7.3,130.0,2017-10-02 07:11:48,刺网
1643,32.81138688888889,123.48316244444445,7.1,67.0,2017-10-02 07:21:49,刺网
1643,32.826220222222226,123.48677355555556,6.7,333.0,2017-10-02 07:31:48,刺网
1643,32.844025777777794,123.48694022222223,6.6,353.0,2017-10-02 07:41:48,刺网
1643,32.86052577777779,123.48757911111113,6.0,5.0,2017-10-02 07:51:48,刺网
1643,32.87783133333333,123.487218,6.5,7.0,2017-10-02 08:01:51,刺网
1643,32.895386888888886,123.48716244444445,6.2,352.0,2017-10-02 08:11:48,刺网
1643,32.91233133333333,123.48738466666669,5.9,16.0,2017-10-02 08:21:48,刺网
1643,32.92935911111111,123.48627355555556,6.2,5.0,2017-10-02 08:31:49,刺网
1643,32.94552577777778,123.486718,5.7,19.0,2017-10-02 08:41:48,刺网
1643,32.94202577777778,123.4924957777778,4.9,166.0,2017-10-02 08:51:49,刺网
1643,32.927498,123.49235688888888,6.3,186.0,2017-10-02 09:01:50,刺网
1643,32.911970222222216,123.49205133333334,5.2,184.0,2017-10-02 09:11:48,刺网
1643,32.879998,123.490968,7.8,184.0,2017-10-02 09:31:48,刺网
1643,32.88185911111111,123.491968,8.4,6.0,2017-10-02 09:41:48,刺网
1643,32.879859111111124,123.490968,4.8,173.0,2017-10-02 09:51:48,刺网
1643,32.86555355555556,123.48924577777778,5.4,174.0,2017-10-02 10:02:18,刺网
1643,32.85563688888889,123.49482911111113,8.5,199.0,2017-10-02 10:11:48,刺网
1643,32.834748000000005,123.48749577777781,7.9,195.0,2017-10-02 10:21:48,刺网
1643,32.819053555555556,123.48507911111112,2.2,18.0,2017-10-02 10:31:48,刺网
1643,32.827164666666675,123.487718,2.9,26.0,2017-10-02 10:41:49,刺网
1643,32.83616466666667,123.48935688888888,3.8,47.0,2017-10-02 10:52:17,刺网
1643,32.84288688888889,123.49155133333336,1.6,358.0,2017-10-02 11:01:49,刺网
1643,32.851248000000005,123.49274577777778,2.6,1.0,2017-10-02 11:11:48,刺网
1643,32.85777577777778,123.49357911111113,2.3,344.0,2017-10-02 11:21:47,刺网
1643,32.863886888888885,123.4937457777778,1.9,26.0,2017-10-02 11:31:48,刺网
1643,32.876359111111114,123.4944957777778,5.0,18.0,2017-10-02 11:41:47,刺网
1643,32.881359111111124,123.49669022222223,3.7,156.0,2017-10-02 11:51:47,刺网
1643,32.87430355555557,123.4961902222222,2.2,197.0,2017-10-02 12:01:48,刺网
1643,32.873748000000006,123.50207911111113,5.3,338.0,2017-10-02 12:11:47,刺网
1643,32.88380355555556,123.49735688888887,2.5,334.0,2017-10-02 12:21:47,刺网
1643,32.89174800000001,123.49752355555556,4.0,19.0,2017-10-02 12:31:47,刺网
1643,32.89902577777778,123.49944022222223,3.4,28.0,2017-10-02 12:41:47,刺网
1643,32.90591466666667,123.50191244444444,2.3,10.0,2017-10-02 12:51:47,刺网
1643,32.91302577777778,123.50310688888894,2.8,2.0,2017-10-02 13:01:48,刺网
1643,32.91941466666667,123.50277355555555,3.3,343.0,2017-10-02 13:11:46,刺网
1643,32.92619244444445,123.50419022222223,2.7,32.0,2017-10-02 13:21:47,刺网
1643,32.932720222222216,123.504968,2.4,336.0,2017-10-02 13:31:47,刺网
1643,32.93938688888889,123.50541244444445,3.3,35.0,2017-10-02 13:41:50,刺网
1643,32.94408133333334,123.50835688888893,3.1,101.0,2017-10-02 13:51:47,刺网
1643,32.937886888888876,123.5136902222222,1.8,216.0,2017-10-02 14:02:18,刺网
1643,32.931248000000004,123.51427355555555,3.8,103.0,2017-10-02 14:11:48,刺网
1643,32.923414666666666,123.51235688888887,6.7,33.0,2017-10-02 14:21:49,刺网
1643,32.91522022222223,123.51519022222223,3.6,183.0,2017-10-02 14:31:47,刺网
1643,32.906553555555554,123.515718,3.2,130.0,2017-10-02 14:41:48,刺网
1643,32.89672022222222,123.516968,3.6,188.0,2017-10-02 14:51:47,刺网
1643,32.887664666666666,123.51530133333334,3.7,174.0,2017-10-02 15:01:48,刺网
1643,32.87919244444445,123.51541244444445,3.7,177.0,2017-10-02 15:11:47,刺网
1643,32.87227577777778,123.51427355555555,4.7,216.0,2017-10-02 15:21:48,刺网
1643,32.867136888888886,123.51427355555555,5.3,160.0,2017-10-02 15:31:48,刺网
1643,32.859497999999995,123.51388466666668,4.4,208.0,2017-10-02 15:42:19,刺网
1643,32.85308133333334,123.51177355555555,1.8,164.0,2017-10-02 15:51:47,刺网
1643,32.84930355555556,123.5107457777778,1.0,230.0,2017-10-02 16:01:48,刺网
1643,32.846081333333345,123.5122457777778,2.5,115.0,2017-10-02 16:11:48,刺网
1643,32.84002577777778,123.51632911111112,3.0,195.0,2017-10-02 16:21:46,刺网
1643,32.8276368888889,123.50205133333334,8.6,241.0,2017-10-02 16:31:46,刺网
1643,32.813386888888886,123.47752355555555,8.9,231.0,2017-10-02 16:41:47,刺网
1643,32.80169244444445,123.45110688888893,9.1,255.0,2017-10-02 16:51:46,刺网
1643,32.78783133333333,123.42799577777778,1.9,303.0,2017-10-02 17:01:48,刺网
1643,32.786053555555554,123.42644022222223,0.3,0.0,2017-10-02 17:11:47,刺网
1643,32.785748000000005,123.42627355555555,0.9,196.0,2017-10-02 17:21:47,刺网
1643,32.78541466666667,123.425968,1.4,287.0,2017-10-02 17:31:47,刺网
1643,32.78510911111111,123.42566244444444,1.1,0.0,2017-10-02 17:41:47,刺网
1643,32.784914666666666,123.42532911111113,1.4,86.0,2017-10-02 17:51:46,刺网
1643,32.784748,123.4251068888889,0.3,292.0,2017-10-02 18:02:17,刺网
1643,32.78460911111111,123.42482911111112,0.4,138.0,2017-10-02 18:11:46,刺网
1643,32.784442444444444,123.42460688888893,0.9,33.0,2017-10-02 18:21:47,刺网
1643,32.78435911111111,123.42427355555556,0.3,0.0,2017-10-02 18:31:47,刺网
1643,32.78427577777778,123.42391244444444,1.1,193.0,2017-10-02 18:41:46,刺网
1643,32.78433133333333,123.42369022222223,0.9,22.0,2017-10-02 18:51:47,刺网
1643,32.78430355555556,123.423468,0.4,0.0,2017-10-02 19:01:47,刺网
1643,32.78427577777778,123.42327355555555,1.0,347.0,2017-10-02 19:11:46,刺网
1643,32.78416466666667,123.42319022222223,0.4,0.0,2017-10-02 19:21:46,刺网
1643,32.78416466666667,123.422968,2.1,201.0,2017-10-02 19:31:47,刺网
1643,32.78419244444445,123.42280133333334,0.8,48.0,2017-10-02 19:41:47,刺网
1643,32.78419244444445,123.42260688888894,1.2,204.0,2017-10-02 19:51:46,刺网
1643,32.78419244444445,123.42249577777781,0.4,0.0,2017-10-02 20:01:48,刺网
1643,32.78419244444445,123.42235688888893,0.7,335.0,2017-10-02 20:11:46,刺网
1643,32.784248000000005,123.4222457777778,1.0,303.0,2017-10-02 20:21:47,刺网
1643,32.78435911111111,123.42216244444445,2.3,171.0,2017-10-02 20:31:47,刺网
1643,32.784470222222225,123.42210688888893,0.3,0.0,2017-10-02 20:41:46,刺网
1643,32.784553555555554,123.42210688888893,1.3,0.0,2017-10-02 20:51:47,刺网
1643,32.78485911111111,123.42199577777778,1.1,0.0,2017-10-02 21:01:48,刺网
1643,32.784998,123.421968,0.7,0.0,2017-10-02 21:11:46,刺网
1643,32.78508133333334,123.42216244444445,0.7,181.0,2017-10-02 21:22:19,刺网
1643,32.78530355555556,123.42210688888893,1.4,172.0,2017-10-02 21:31:45,刺网
1643,32.78538688888889,123.42216244444445,0.6,0.0,2017-10-02 21:41:45,刺网
1643,32.785498000000004,123.42213466666668,1.8,172.0,2017-10-02 21:51:45,刺网
1643,32.785609111111114,123.42221800000002,1.9,262.0,2017-10-02 22:01:47,刺网
1643,32.78563688888889,123.42235688888893,2.8,39.0,2017-10-02 22:11:45,刺网
1643,32.785609111111114,123.42230133333334,0.4,0.0,2017-10-02 22:21:45,刺网
1643,32.785609111111114,123.42241244444445,0.8,0.0,2017-10-02 22:31:46,刺网
1643,32.785470222222216,123.422468,1.4,0.0,2017-10-02 22:41:45,刺网
1643,32.785248,123.42241244444445,0.3,0.0,2017-10-02 22:51:47,刺网
1643,32.784970222222235,123.42230133333334,1.1,114.0,2017-10-02 23:01:47,刺网
1643,32.78460911111111,123.42238466666667,0.8,71.0,2017-10-02 23:11:45,刺网
1643,32.78422022222223,123.42238466666667,1.2,168.0,2017-10-02 23:21:45,刺网
1643,32.783775777777784,123.42260688888894,3.0,161.0,2017-10-02 23:31:45,刺网
1643,32.783359111111125,123.42307911111112,0.6,0.0,2017-10-02 23:41:45,刺网
1643,32.782970222222225,123.42402355555555,2.0,104.0,2017-10-02 23:51:47,刺网
1643,32.782970222222225,123.42413466666667,0.7,225.0,2017-10-03 00:02:16,刺网
1643,32.782970222222225,123.42410688888893,0.3,0.0,2017-10-03 00:11:45,刺网
1643,32.782859111111115,123.42405133333335,1.2,150.0,2017-10-03 00:21:45,刺网
1643,32.78280355555556,123.42430133333336,1.2,116.0,2017-10-03 00:31:45,刺网
1643,32.782748000000005,123.42452355555555,0.4,0.0,2017-10-03 00:41:45,刺网
1643,32.78269244444444,123.42455133333334,0.8,254.0,2017-10-03 00:51:45,刺网
1643,32.78255355555555,123.42466244444445,0.1,0.0,2017-10-03 01:01:46,刺网
1643,32.782470222222216,123.42485688888893,1.1,217.0,2017-10-03 01:11:45,刺网
1643,32.78233133333333,123.4247457777778,0.5,0.0,2017-10-03 01:21:45,刺网
1643,32.782275777777784,123.42505133333334,1.0,64.0,2017-10-03 01:31:45,刺网
1643,32.78216466666667,123.42499577777781,0.7,75.0,2017-10-03 01:41:45,刺网
1643,32.781942444444454,123.42494022222223,1.5,112.0,2017-10-03 01:51:45,刺网
1643,32.781803555555555,123.42513466666668,1.7,97.0,2017-10-03 02:01:47,刺网
1643,32.781498,123.42499577777781,1.2,358.0,2017-10-03 02:11:45,刺网
1643,32.78108133333334,123.424968,1.6,224.0,2017-10-03 02:21:44,刺网
1643,32.780748,123.42513466666668,0.6,0.0,2017-10-03 02:31:45,刺网
1643,32.78038688888889,123.4251068888889,0.4,0.0,2017-10-03 02:41:44,刺网
1643,32.77983133333333,123.42505133333334,2.2,280.0,2017-10-03 02:51:45,刺网
1643,32.77922022222222,123.42499577777781,1.4,186.0,2017-10-03 03:01:46,刺网
1643,32.778553555555554,123.42513466666668,1.3,302.0,2017-10-03 03:11:45,刺网
1643,32.77808133333334,123.42507911111113,1.1,137.0,2017-10-03 03:21:44,刺网
1643,32.777220222222226,123.42491244444444,0.7,0.0,2017-10-03 03:31:45,刺网
1643,32.776748000000005,123.42466244444445,1.4,151.0,2017-10-03 03:41:45,刺网
1643,32.77602577777778,123.42457911111113,0.8,0.0,2017-10-03 03:51:45,刺网
1643,32.77513688888889,123.42419022222224,1.0,0.0,2017-10-03 04:02:17,刺网
1643,32.774359111111124,123.4239957777778,0.0,0.0,2017-10-03 04:11:44,刺网
1643,32.77369244444445,123.42369022222223,1.7,347.0,2017-10-03 04:21:44,刺网
1643,32.772859111111124,123.42324577777781,1.5,0.0,2017-10-03 04:31:46,刺网
1643,32.77208133333334,123.42288466666668,0.3,308.0,2017-10-03 04:42:18,刺网
1643,32.77108133333333,123.42241244444445,1.2,228.0,2017-10-03 04:51:44,刺网
1643,32.77033133333333,123.42182911111112,0.4,171.0,2017-10-03 05:01:45,刺网
1643,32.769720222222226,123.42138466666668,0.7,247.0,2017-10-03 05:11:45,刺网
1643,32.77072022222223,123.42257911111112,0.6,24.0,2017-10-03 05:21:45,刺网
1643,32.775970222222234,123.42169022222224,0.9,245.0,2017-10-03 05:31:45,刺网
1643,32.78433133333333,123.422968,5.2,344.0,2017-10-03 05:41:44,刺网
1643,32.79591466666667,123.42232911111113,5.5,32.0,2017-10-03 05:51:44,刺网
1643,32.807386888888885,123.42182911111112,5.5,332.0,2017-10-03 06:01:45,刺网
1643,32.81994244444445,123.420468,4.8,341.0,2017-10-03 06:11:44,刺网
1643,32.832636888888885,123.42024577777778,5.1,332.0,2017-10-03 06:21:45,刺网
1643,32.81877577777778,123.41507911111113,5.8,171.0,2017-10-03 06:31:45,刺网
1643,32.797275777777784,123.41238466666668,5.9,176.0,2017-10-03 06:41:44,刺网
1643,32.775442444444444,123.410968,7.6,196.0,2017-10-03 06:51:44,刺网
1643,32.773136888888885,123.40669022222224,2.3,348.0,2017-10-03 07:01:46,刺网
1643,32.77947022222223,123.40616244444445,2.4,3.0,2017-10-03 07:11:44,刺网
1643,32.78602577777778,123.405218,2.2,324.0,2017-10-03 07:21:44,刺网
1643,32.79269244444445,123.40607911111113,1.3,350.0,2017-10-03 07:31:45,刺网
1643,32.799275777777765,123.40513466666668,2.5,25.0,2017-10-03 07:41:45,刺网
1643,32.80644244444444,123.40510688888894,3.5,341.0,2017-10-03 07:51:45,刺网
1643,32.81313688888889,123.40177355555555,4.5,332.0,2017-10-03 08:02:30,刺网
1643,32.818636888888896,123.40338466666668,3.6,350.0,2017-10-03 08:11:43,刺网
1643,32.824859111111124,123.40471800000002,3.3,11.0,2017-10-03 08:21:44,刺网
1643,32.830970222222234,123.40430133333334,2.1,320.0,2017-10-03 08:31:43,刺网
1643,32.83341466666668,123.40280133333334,3.4,51.0,2017-10-03 08:41:44,刺网
1643,32.83316466666667,123.39877355555558,0.8,0.0,2017-10-03 08:51:44,刺网
1643,32.83427577777778,123.39849577777781,1.8,313.0,2017-10-03 09:01:46,刺网
1643,32.83469244444445,123.39857911111113,1.3,9.0,2017-10-03 09:11:43,刺网
1643,32.83480355555556,123.40260688888893,2.8,80.0,2017-10-03 09:21:44,刺网
1643,32.820025777777786,123.39780133333336,7.8,195.0,2017-10-03 09:31:43,刺网
1643,32.800136888888886,123.393718,8.3,187.0,2017-10-03 09:41:44,刺网
1643,32.78002577777778,123.38735688888893,9.2,199.0,2017-10-03 09:51:44,刺网
1643,32.759553555555556,123.38157911111112,7.1,195.0,2017-10-03 10:01:45,刺网
1643,32.718525777777785,123.3719402222222,7.6,183.0,2017-10-03 10:21:44,刺网
1643,32.696803555555555,123.3674957777778,7.9,190.0,2017-10-03 10:32:11,刺网
1643,32.677498,123.36241244444444,6.7,197.0,2017-10-03 10:41:43,刺网
1643,32.657192444444455,123.3572457777778,6.5,184.0,2017-10-03 10:51:44,刺网
1643,32.63713688888889,123.35210688888893,6.9,188.0,2017-10-03 11:01:44,刺网
1643,32.61708133333334,123.34694022222223,8.3,189.0,2017-10-03 11:11:43,刺网
1643,32.59697022222223,123.34094022222223,7.5,195.0,2017-10-03 11:21:44,刺网
1643,32.576720222222235,123.33535688888887,8.6,180.0,2017-10-03 11:31:43,刺网
1643,32.555581333333336,123.32952355555555,7.6,199.0,2017-10-03 11:41:45,刺网
1643,32.53441466666667,123.32360688888893,6.8,180.0,2017-10-03 11:51:43,刺网
1643,32.513025777777784,123.31869022222222,7.4,194.0,2017-10-03 12:01:44,刺网
1643,32.49119244444445,123.31363466666667,8.0,194.0,2017-10-03 12:11:43,刺网
1643,32.469303555555555,123.30830133333332,7.0,193.0,2017-10-03 12:21:43,刺网
1643,32.44744244444444,123.30338466666667,6.6,190.0,2017-10-03 12:31:43,刺网
1643,32.424942444444454,123.29813466666668,8.9,197.0,2017-10-03 12:41:42,刺网
1643,32.40224800000001,123.29355133333334,9.4,188.0,2017-10-03 12:51:43,刺网
1643,32.35705355555556,123.28027355555555,9.3,200.0,2017-10-03 13:11:44,刺网
1643,32.3341368888889,123.27419022222223,9.7,190.0,2017-10-03 13:21:42,刺网
1643,32.310248,123.2682457777778,7.7,203.0,2017-10-03 13:31:43,刺网
1643,32.286192444444445,123.26110688888893,6.5,203.0,2017-10-03 13:41:43,刺网
1643,32.26177577777778,123.25571800000002,10.8,191.0,2017-10-03 13:51:44,刺网
1643,32.23491466666667,123.25052355555556,8.6,187.0,2017-10-03 14:02:18,刺网
1643,32.210886888888886,123.24513466666669,7.7,193.0,2017-10-03 14:11:42,刺网
1643,32.18563688888889,123.23885688888888,10.0,203.0,2017-10-03 14:21:41,刺网
1643,32.13519244444445,123.22285688888887,8.5,194.0,2017-10-03 14:41:43,刺网
1643,32.11005355555556,123.21382911111112,9.1,193.0,2017-10-03 14:51:43,刺网
1643,32.08472022222223,123.20616244444444,9.0,186.0,2017-10-03 15:01:43,刺网
1643,32.05916466666667,123.19866244444445,9.0,187.0,2017-10-03 15:11:43,刺网
1643,32.033970222222216,123.18805133333336,10.4,199.0,2017-10-03 15:21:42,刺网
1643,32.00758133333334,123.17799577777778,10.4,210.0,2017-10-03 15:32:11,刺网
1643,31.98360911111111,123.16844022222223,11.2,198.0,2017-10-03 15:41:42,刺网
1643,31.958664666666664,123.15727355555555,9.1,199.0,2017-10-03 15:51:43,刺网
1643,31.93360911111111,123.14721800000002,10.5,188.0,2017-10-03 16:01:44,刺网
1643,31.90866466666667,123.13660688888888,10.1,186.0,2017-10-03 16:11:43,刺网
1643,31.882720222222233,123.12855133333332,11.2,188.0,2017-10-03 16:21:44,刺网
1643,31.856748,123.12199577777777,9.0,186.0,2017-10-03 16:31:42,刺网
1643,31.831164666666666,123.11599577777778,13.2,182.0,2017-10-03 16:41:43,刺网
1643,31.80410911111111,123.11027355555555,11.6,187.0,2017-10-03 16:51:42,刺网
1643,31.77722022222222,123.10285688888888,11.0,192.0,2017-10-03 17:01:42,刺网
1643,31.750970222222215,123.09880133333334,9.9,201.0,2017-10-03 17:11:42,刺网
1643,31.725192444444442,123.09288466666666,7.9,185.0,2017-10-03 17:21:41,刺网
1643,31.699609111111112,123.08910688888888,11.3,190.0,2017-10-03 17:31:41,刺网
1643,31.67335911111111,123.08216244444445,9.3,187.0,2017-10-03 17:41:42,刺网
1643,31.647498,123.07569022222219,8.2,193.0,2017-10-03 17:51:41,刺网
1643,31.620720222222214,123.06955133333334,9.0,189.0,2017-10-03 18:02:11,刺网
1643,31.59691466666667,123.06282911111113,9.0,187.0,2017-10-03 18:11:42,刺网
1643,31.57233133333333,123.05805133333334,8.3,188.0,2017-10-03 18:21:42,刺网
1643,31.54713688888889,123.05216244444445,8.8,200.0,2017-10-03 18:31:42,刺网
1643,31.523025777777768,123.045468,9.4,198.0,2017-10-03 18:41:41,刺网
1643,31.499747999999997,123.04032911111112,7.6,198.0,2017-10-03 18:51:42,刺网
1643,31.47672022222222,123.0347457777778,9.5,193.0,2017-10-03 19:01:43,刺网
1643,31.454248,123.02957911111113,9.7,193.0,2017-10-03 19:11:42,刺网
1643,31.433164666666666,123.02430133333334,8.3,195.0,2017-10-03 19:21:42,刺网
1643,31.411803555555554,123.0197457777778,7.4,188.0,2017-10-03 19:31:42,刺网
1643,31.39033133333333,123.01391244444444,9.2,202.0,2017-10-03 19:41:42,刺网
1643,31.369303555555557,123.00807911111113,7.3,195.0,2017-10-03 19:51:42,刺网
1643,31.34841466666667,123.004218,7.3,171.0,2017-10-03 20:01:50,刺网
1643,31.32766466666667,122.99969022222223,8.1,182.0,2017-10-03 20:11:42,刺网
1643,31.306720222222214,122.99585688888894,6.9,188.0,2017-10-03 20:21:42,刺网
1643,31.28627577777778,122.99091244444445,7.1,183.0,2017-10-03 20:31:42,刺网
1643,31.265303555555548,122.98580133333334,7.6,193.0,2017-10-03 20:41:42,刺网
1643,31.244581333333336,122.98055133333335,7.4,188.0,2017-10-03 20:51:42,刺网
1643,31.223942444444447,122.9744957777778,8.2,189.0,2017-10-03 21:01:42,刺网
1643,31.20372022222222,122.96738466666667,6.3,191.0,2017-10-03 21:11:42,刺网
1643,31.18266466666667,122.96205133333336,8.3,203.0,2017-10-03 21:21:41,刺网
1643,31.161497999999995,122.95696800000002,9.2,182.0,2017-10-03 21:31:41,刺网
1643,31.140192444444452,122.95321800000002,7.0,188.0,2017-10-03 21:41:41,刺网
1643,31.120386888888888,122.94891244444445,8.5,179.0,2017-10-03 21:51:42,刺网
1643,31.09919244444445,122.94321800000002,7.9,185.0,2017-10-03 22:01:54,刺网
1643,31.07763688888889,122.93913466666667,8.7,198.0,2017-10-03 22:11:41,刺网
1643,31.056803555555557,122.93532911111113,7.5,170.0,2017-10-03 22:21:41,刺网
1643,31.035386888888887,122.93105133333334,7.2,194.0,2017-10-03 22:31:40,刺网
1643,31.013886888888887,122.92755133333334,8.3,194.0,2017-10-03 22:41:41,刺网
1643,30.992525777777786,122.92549577777778,6.8,180.0,2017-10-03 22:51:41,刺网
1643,30.970775777777767,122.92610688888894,6.4,177.0,2017-10-03 23:01:42,刺网
1643,30.94922022222222,122.9229957777778,6.1,184.0,2017-10-03 23:11:41,刺网
1643,30.92791466666667,122.92185688888893,9.0,197.0,2017-10-03 23:21:41,刺网
1643,30.906025777777767,122.91602355555555,8.8,196.0,2017-10-03 23:31:41,刺网
1643,30.88383133333333,122.90952355555555,8.0,191.0,2017-10-03 23:41:41,刺网
1643,30.861442444444442,122.90366244444445,9.4,193.0,2017-10-03 23:51:41,刺网
1643,30.838164666666664,122.898968,8.2,198.0,2017-10-04 00:01:41,刺网
1643,30.81483133333333,122.89619022222223,8.1,182.0,2017-10-04 00:11:41,刺网
1643,30.791025777777786,122.89355133333336,7.7,190.0,2017-10-04 00:21:41,刺网
1643,30.76647022222221,122.88735688888893,8.5,192.0,2017-10-04 00:31:54,刺网
1643,30.74263688888889,122.88132911111113,9.9,191.0,2017-10-04 00:41:41,刺网
1643,30.71785911111111,122.87410688888887,9.6,185.0,2017-10-04 00:51:41,刺网
1643,30.690998,122.86563466666666,10.0,201.0,2017-10-04 01:01:41,刺网
1643,30.666442444444442,122.85341244444444,10.8,213.0,2017-10-04 01:11:41,刺网
1643,30.64533133333333,122.83569022222223,9.4,215.0,2017-10-04 01:21:41,刺网
1643,30.625053555555553,122.81988466666668,8.6,216.0,2017-10-04 01:31:41,刺网
1643,30.60366466666667,122.80413466666668,9.4,206.0,2017-10-04 01:41:41,刺网
1643,30.580553555555554,122.78863466666668,9.6,205.0,2017-10-04 01:51:53,刺网
1643,30.558748,122.77294022222223,9.2,206.0,2017-10-04 02:01:42,刺网
1643,30.535470222222234,122.75899577777778,8.1,206.0,2017-10-04 02:11:41,刺网
1643,30.512859111111112,122.74577355555556,8.8,208.0,2017-10-04 02:21:40,刺网
1643,30.490609111111112,122.73238466666668,9.2,201.0,2017-10-04 02:31:40,刺网
1643,30.46872022222221,122.71941244444444,8.7,208.0,2017-10-04 02:41:40,刺网
1643,30.446525777777786,122.70632911111113,9.1,208.0,2017-10-04 02:51:40,刺网
1643,30.425303555555555,122.69194022222223,9.8,219.0,2017-10-04 03:01:40,刺网
1643,30.403886888888888,122.67666244444445,9.7,206.0,2017-10-04 03:11:40,刺网
1643,30.377692444444445,122.66621799999999,10.6,204.0,2017-10-04 03:21:40,刺网
1643,30.349525777777767,122.65696800000002,10.1,190.0,2017-10-04 03:31:40,刺网
1643,30.320497999999997,122.64577355555555,10.2,194.0,2017-10-04 03:41:40,刺网
1643,30.29108133333333,122.63530133333332,11.1,192.0,2017-10-04 03:51:47,刺网
1643,30.260109111111113,122.62655133333334,11.8,185.0,2017-10-04 04:01:53,刺网
1643,30.22972022222222,122.61838466666669,11.5,205.0,2017-10-04 04:11:40,刺网
1643,30.20183133333333,122.60538466666668,10.8,202.0,2017-10-04 04:21:40,刺网
1643,30.18160911111111,122.58432911111113,8.9,236.0,2017-10-04 04:31:40,刺网
1643,30.167470222222214,122.56052355555555,9.7,234.0,2017-10-04 04:41:40,刺网
1643,30.152775777777766,122.53477355555556,9.4,236.0,2017-10-04 04:51:40,刺网
1643,30.136359111111112,122.5087457777778,10.2,231.0,2017-10-04 05:01:41,刺网
1643,30.12119244444445,122.483468,9.3,236.0,2017-10-04 05:11:40,刺网
1643,30.10602577777778,122.45685688888894,9.5,234.0,2017-10-04 05:21:40,刺网
1643,30.090553555555548,122.43191244444445,9.4,238.0,2017-10-04 05:31:40,刺网
1643,30.074609111111112,122.40794022222224,9.2,235.0,2017-10-04 05:41:40,刺网
1643,30.059386888888888,122.38457911111112,8.9,228.0,2017-10-04 05:51:40,刺网
1643,30.040664666666665,122.36638466666668,8.3,200.0,2017-10-04 06:01:41,刺网
1643,30.01922022222222,122.35830133333332,7.8,187.0,2017-10-04 06:11:40,刺网
1643,29.998525777777786,122.3526902222222,7.4,198.0,2017-10-04 06:21:41,刺网
1643,29.977386888888887,122.34641244444445,8.0,194.0,2017-10-04 06:31:53,刺网
1643,29.95735911111111,122.33441244444445,8.4,214.0,2017-10-04 06:41:40,刺网
1643,29.940248,122.31821800000002,7.5,279.0,2017-10-04 06:51:40,刺网
1643,29.94066466666667,122.29694022222223,6.7,244.0,2017-10-04 07:01:41,刺网
1643,29.938470222222215,122.2839957777778,0.3,0.0,2017-10-04 07:11:40,刺网
1643,29.938525777777766,122.28402355555555,0.0,0.0,2017-10-04 07:21:40,刺网
1643,29.938553555555554,122.28402355555555,0.0,0.0,2017-10-04 07:31:40,刺网
1643,29.938553555555554,122.28405133333335,0.0,0.0,2017-10-04 07:41:40,刺网
1643,29.938553555555554,122.28402355555555,0.1,0.0,2017-10-04 07:51:39,刺网
1643,29.938553555555554,122.28402355555555,0.0,0.0,2017-10-04 08:01:43,刺网
1643,29.93858133333333,122.2839957777778,0.0,0.0,2017-10-04 08:11:39,刺网
1643,29.938248,122.284968,1.1,45.0,2017-10-04 08:21:39,刺网
1643,29.93844244444444,122.28505133333334,0.0,0.0,2017-10-04 08:31:40,刺网
1643,29.93841466666667,122.28516244444445,0.0,0.0,2017-10-04 08:41:39,刺网
1643,29.93158133333333,122.2816902222222,8.6,174.0,2017-10-04 08:51:40,刺网
1643,29.90760911111111,122.27885688888892,8.1,172.0,2017-10-04 09:01:42,刺网
1643,29.88263688888889,122.27566244444445,9.1,180.0,2017-10-04 09:11:39,刺网
1643,29.857470222222233,122.28107911111113,9.3,148.0,2017-10-04 09:21:39,刺网
1643,29.839997999999998,122.29277355555556,1.4,125.0,2017-10-04 09:31:54,刺网
1643,29.839914666666665,122.29288466666668,0.1,0.0,2017-10-04 09:41:39,刺网
1643,29.83930355555556,122.29344022222223,1.0,152.0,2017-10-04 09:51:39,刺网
1643,29.83930355555556,122.29360688888893,0.0,0.0,2017-10-04 10:01:40,刺网
1643,29.839275777777768,122.29360688888893,0.0,0.0,2017-10-04 10:11:39,刺网
1643,29.839275777777768,122.29357911111113,0.0,0.0,2017-10-04 10:21:40,刺网
1643,29.839247999999998,122.29360688888893,0.3,0.0,2017-10-04 10:31:45,刺网
1643,29.83922022222222,122.29352355555555,0.1,0.0,2017-10-04 10:41:41,刺网
1643,29.83908133333333,122.2934957777778,0.0,0.0,2017-10-04 10:51:39,刺网
1643,29.83922022222222,122.2934957777778,0.1,0.0,2017-10-04 11:01:40,刺网
1643,29.839247999999998,122.29355133333334,0.0,0.0,2017-10-04 11:11:40,刺网
1643,29.83922022222222,122.29355133333334,0.1,0.0,2017-10-04 11:21:39,刺网
1643,29.83919244444445,122.29352355555555,0.0,0.0,2017-10-04 11:31:39,刺网
1643,29.839275777777768,122.29355133333334,0.0,0.0,2017-10-04 11:41:39,刺网
1643,29.83922022222222,122.293468,0.1,0.0,2017-10-04 11:51:39,刺网
1643,29.839247999999998,122.29355133333334,0.0,0.0,2017-10-04 12:01:54,刺网
1643,29.839275777777768,122.29355133333334,0.0,0.0,2017-10-04 12:11:39,刺网
1643,29.839247999999998,122.29355133333334,0.0,0.0,2017-10-04 12:21:39,刺网
1643,29.83930355555556,122.29352355555555,0.0,0.0,2017-10-04 12:31:39,刺网
1643,29.83933133333333,122.29355133333334,0.0,0.0,2017-10-04 12:41:39,刺网
1643,29.83933133333333,122.29357911111113,0.0,0.0,2017-10-04 12:51:38,刺网
1643,29.83935911111111,122.29355133333334,0.0,0.0,2017-10-04 13:01:38,刺网
1643,29.83933133333333,122.29355133333334,0.0,0.0,2017-10-04 13:11:38,刺网
1643,29.83930355555556,122.29355133333334,0.0,0.0,2017-10-04 13:21:38,刺网
1643,29.83933133333333,122.29352355555555,0.0,0.0,2017-10-04 13:31:38,刺网
1643,29.83933133333333,122.29357911111113,0.0,0.0,2017-10-04 13:41:42,刺网
1643,29.83938688888889,122.29355133333334,0.0,0.0,2017-10-04 13:51:38,刺网
1643,29.83944244444444,122.29360688888893,0.0,0.0,2017-10-04 14:01:55,刺网
1643,29.83938688888889,122.29355133333334,0.3,215.0,2017-10-04 14:11:38,刺网
1643,29.83938688888889,122.29360688888893,0.4,0.0,2017-10-04 14:21:38,刺网
1643,29.83935911111111,122.29357911111113,0.1,0.0,2017-10-04 14:31:38,刺网
1643,29.83930355555556,122.29352355555555,0.1,0.0,2017-10-04 14:41:38,刺网
1643,29.83933133333333,122.29355133333334,0.2,0.0,2017-10-04 14:51:38,刺网
1643,29.83935911111111,122.2934957777778,0.1,0.0,2017-10-04 15:01:39,刺网
1643,29.83930355555556,122.29338466666668,0.0,0.0,2017-10-04 15:11:38,刺网
1643,29.83930355555556,122.293468,0.1,0.0,2017-10-04 15:21:38,刺网
1643,29.839275777777768,122.2934957777778,1.2,229.0,2017-10-04 15:31:39,刺网
1643,29.83933133333333,122.29355133333334,0.0,0.0,2017-10-04 15:41:54,刺网
1643,29.83933133333333,122.29360688888893,0.0,0.0,2017-10-04 15:51:38,刺网
1643,29.83935911111111,122.29352355555555,0.0,0.0,2017-10-04 16:01:38,刺网
1643,29.83935911111111,122.29352355555555,0.0,0.0,2017-10-04 16:11:38,刺网
1643,29.83933133333333,122.29355133333334,0.0,0.0,2017-10-04 16:21:38,刺网
1643,29.83930355555556,122.29355133333334,0.0,0.0,2017-10-04 16:31:38,刺网
1643,29.83930355555556,122.29355133333334,0.0,0.0,2017-10-04 16:41:39,刺网
1643,29.83933133333333,122.29357911111113,0.0,0.0,2017-10-04 16:51:38,刺网
1643,29.83935911111111,122.29366244444445,0.0,0.0,2017-10-04 17:01:39,刺网
1643,29.83935911111111,122.29360688888893,0.0,0.0,2017-10-04 17:11:38,刺网
1643,29.839275777777768,122.29363466666668,0.0,0.0,2017-10-04 17:21:39,刺网
1643,29.839275777777768,122.29360688888893,0.0,0.0,2017-10-04 17:31:39,刺网
1643,29.839275777777768,122.29357911111113,0.1,0.0,2017-10-04 17:41:38,刺网
1643,29.839275777777768,122.29357911111113,0.1,0.0,2017-10-04 17:51:37,刺网
1643,29.83930355555556,122.29357911111113,0.0,0.0,2017-10-04 18:11:37,刺网
1643,29.83930355555556,122.29355133333334,0.1,0.0,2017-10-04 18:21:38,刺网
1643,29.839275777777768,122.29355133333334,0.2,0.0,2017-10-04 18:31:38,刺网
1643,29.83930355555556,122.29357911111113,0.0,0.0,2017-10-04 18:41:38,刺网
1643,29.83930355555556,122.29357911111113,0.1,0.0,2017-10-04 19:01:38,刺网
1643,29.83922022222222,122.29357911111113,0.0,0.0,2017-10-04 19:11:37,刺网
1643,29.83935911111111,122.29357911111113,0.0,0.0,2017-10-04 19:21:38,刺网
1643,29.83935911111111,122.29363466666668,0.0,0.0,2017-10-04 19:31:38,刺网
1643,29.83930355555556,122.29357911111113,0.1,0.0,2017-10-04 19:41:38,刺网
1643,29.83933133333333,122.29352355555555,0.1,0.0,2017-10-04 19:51:37,刺网
1643,29.83930355555556,122.29360688888893,0.2,0.0,2017-10-04 20:01:39,刺网
1643,29.83933133333333,122.29363466666668,0.2,0.0,2017-10-04 20:11:37,刺网
1643,29.83933133333333,122.29363466666668,0.5,0.0,2017-10-04 20:21:37,刺网
1643,29.83935911111111,122.29357911111113,0.3,0.0,2017-10-04 20:31:37,刺网
1643,29.83930355555556,122.293718,0.1,0.0,2017-10-04 20:41:37,刺网
1643,29.83933133333333,122.29357911111113,0.0,0.0,2017-10-04 20:51:54,刺网
1643,29.839275777777768,122.29355133333334,0.0,0.0,2017-10-04 21:01:37,刺网
1643,29.839275777777768,122.29355133333334,0.0,0.0,2017-10-04 21:11:38,刺网
1643,29.83930355555556,122.29355133333334,0.0,0.0,2017-10-04 21:21:37,刺网
1643,29.839275777777768,122.29360688888893,0.0,0.0,2017-10-04 21:31:38,刺网
1643,29.839275777777768,122.29352355555555,0.0,0.0,2017-10-04 21:41:37,刺网
1643,29.83930355555556,122.29357911111113,0.0,0.0,2017-10-04 21:51:37,刺网
1643,29.83933133333333,122.2934957777778,0.1,0.0,2017-10-04 22:01:38,刺网
1643,29.83919244444445,122.29360688888893,0.1,0.0,2017-10-04 22:11:37,刺网
1643,29.83930355555556,122.29357911111113,0.9,351.0,2017-10-04 22:21:40,刺网
1643,29.839275777777768,122.29355133333334,0.0,0.0,2017-10-04 22:31:37,刺网
1643,29.83933133333333,122.29355133333334,0.2,0.0,2017-10-04 22:41:38,刺网
1643,29.83944244444444,122.29355133333334,4.7,358.0,2017-10-04 22:51:36,刺网
1643,29.83930355555556,122.29355133333334,0.0,0.0,2017-10-04 23:01:37,刺网
1643,29.83930355555556,122.2934957777778,0.0,0.0,2017-10-04 23:11:37,刺网
1643,29.83930355555556,122.29357911111113,0.0,0.0,2017-10-04 23:21:36,刺网
1643,29.83930355555556,122.29357911111113,0.1,0.0,2017-10-04 23:31:37,刺网
1643,29.83930355555556,122.29355133333334,0.4,0.0,2017-10-04 23:41:36,刺网
1643,29.839275777777768,122.29357911111113,0.0,0.0,2017-10-04 23:51:54,刺网
1643,29.83933133333333,122.29352355555555,0.0,0.0,2017-10-05 00:01:37,刺网
1643,29.83930355555556,122.29355133333334,0.1,0.0,2017-10-05 00:11:37,刺网
1643,29.839275777777768,122.29355133333334,0.0,0.0,2017-10-05 00:21:37,刺网
1643,29.83930355555556,122.29352355555555,0.0,0.0,2017-10-05 00:31:37,刺网
1643,29.83935911111111,122.29355133333334,0.0,0.0,2017-10-05 00:41:36,刺网
1643,29.83919244444445,122.29360688888893,0.0,0.0,2017-10-05 00:51:36,刺网
1643,29.83930355555556,122.29355133333334,0.0,0.0,2017-10-05 01:01:37,刺网
1643,29.839275777777768,122.29352355555555,0.0,0.0,2017-10-05 01:11:37,刺网
1643,29.83930355555556,122.29355133333334,0.0,0.0,2017-10-05 01:21:36,刺网
1643,29.839247999999998,122.29360688888893,0.3,0.0,2017-10-05 01:31:36,刺网
1643,29.83922022222222,122.29355133333334,0.1,0.0,2017-10-05 01:41:36,刺网
1643,29.83922022222222,122.29360688888893,0.2,0.0,2017-10-05 01:51:36,刺网
1643,29.839275777777768,122.29357911111113,0.0,0.0,2017-10-05 02:01:54,刺网
1643,29.83930355555556,122.29360688888893,0.0,0.0,2017-10-05 02:11:36,刺网
1643,29.839275777777768,122.29355133333334,0.0,0.0,2017-10-05 02:21:36,刺网
1643,29.83930355555556,122.29360688888893,0.0,0.0,2017-10-05 02:31:36,刺网
1643,29.839275777777768,122.29355133333334,0.0,0.0,2017-10-05 02:41:36,刺网
1643,29.83930355555556,122.29357911111113,0.0,0.0,2017-10-05 02:51:36,刺网
1643,29.83930355555556,122.29357911111113,0.0,0.0,2017-10-05 03:01:37,刺网
1643,29.839247999999998,122.29355133333334,0.0,0.0,2017-10-05 03:11:36,刺网
1643,29.839275777777768,122.29355133333334,0.0,0.0,2017-10-05 03:21:36,刺网
1643,29.839275777777768,122.29357911111113,0.0,0.0,2017-10-05 03:31:36,刺网
1643,29.83930355555556,122.29352355555555,0.0,0.0,2017-10-05 03:41:35,刺网
1643,29.839414666666666,122.29352355555555,0.1,0.0,2017-10-05 03:51:35,刺网
1643,29.83930355555556,122.29357911111113,0.2,0.0,2017-10-05 04:01:36,刺网
1643,29.839497999999995,122.293468,0.2,0.0,2017-10-05 04:11:35,刺网
1643,29.83935911111111,122.29352355555555,0.2,0.0,2017-10-05 04:21:35,刺网
1643,29.83919244444445,122.29357911111113,0.4,162.0,2017-10-05 04:31:36,刺网
1643,29.839275777777768,122.29352355555555,0.0,0.0,2017-10-05 04:41:37,刺网
1643,29.83958133333333,122.293468,0.7,164.0,2017-10-05 04:51:36,刺网
1643,29.83933133333333,122.29355133333334,0.1,0.0,2017-10-05 05:01:36,刺网
1643,29.83930355555556,122.29357911111113,0.0,0.0,2017-10-05 05:11:54,刺网
1643,29.83930355555556,122.29357911111113,0.0,0.0,2017-10-05 05:21:36,刺网
1643,29.83930355555556,122.29360688888893,0.0,0.0,2017-10-05 05:31:36,刺网
1643,29.83930355555556,122.29355133333334,0.0,0.0,2017-10-05 05:41:35,刺网
1643,29.83930355555556,122.29355133333334,0.0,0.0,2017-10-05 05:51:35,刺网
1643,29.83930355555556,122.29357911111113,0.0,0.0,2017-10-05 06:01:36,刺网
1643,29.83930355555556,122.29360688888893,0.0,0.0,2017-10-05 06:11:35,刺网
1643,29.83930355555556,122.29355133333334,0.0,0.0,2017-10-05 06:21:36,刺网
1643,29.839275777777768,122.29355133333334,0.0,0.0,2017-10-05 06:31:36,刺网
1643,29.84010911111111,122.29241244444445,0.0,0.0,2017-10-05 06:41:35,刺网
1643,29.84033133333333,122.29360688888893,5.9,70.0,2017-10-05 06:51:35,刺网
1643,29.837914666666666,122.30113466666668,0.0,0.0,2017-10-05 07:01:36,刺网
1643,29.837914666666666,122.30116244444444,0.0,0.0,2017-10-05 07:11:36,刺网
1643,29.83794244444445,122.30113466666668,0.1,0.0,2017-10-05 07:31:35,刺网
1643,29.837914666666666,122.30113466666668,0.0,0.0,2017-10-05 07:41:35,刺网
1643,29.837914666666666,122.30116244444444,0.0,0.0,2017-10-05 07:51:35,刺网
1643,29.83794244444445,122.301218,0.0,0.0,2017-10-05 08:02:02,刺网
1643,29.837914666666666,122.30116244444444,0.0,0.0,2017-10-05 08:11:35,刺网
1643,29.837914666666666,122.30119022222222,0.0,0.0,2017-10-05 08:21:36,刺网
1643,29.83788688888889,122.30116244444444,0.1,0.0,2017-10-05 08:31:35,刺网
1643,29.837914666666666,122.30119022222222,0.1,0.0,2017-10-05 08:41:35,刺网
1643,29.83794244444445,122.30119022222222,0.2,0.0,2017-10-05 08:51:34,刺网
1643,29.83794244444445,122.30116244444444,0.2,0.0,2017-10-05 09:01:42,刺网
1643,29.83794244444445,122.301218,0.1,0.0,2017-10-05 09:11:34,刺网
1643,29.83794244444445,122.30116244444444,0.1,0.0,2017-10-05 09:21:35,刺网
1643,29.840998,122.29435688888893,4.9,226.0,2017-10-05 09:31:35,刺网
1643,29.839247999999998,122.29374577777777,0.5,0.0,2017-10-05 09:41:36,刺网
1643,29.839247999999998,122.29382911111112,0.2,0.0,2017-10-05 09:51:35,刺网
1643,29.839275777777768,122.29380133333332,0.1,0.0,2017-10-05 10:01:36,刺网
1643,29.839164666666665,122.29382911111112,0.0,0.0,2017-10-05 10:11:49,刺网
1643,29.83922022222222,122.29385688888887,0.0,0.0,2017-10-05 10:21:34,刺网
1643,29.839247999999998,122.29382911111112,0.0,0.0,2017-10-05 10:31:34,刺网
1643,29.83933133333333,122.29385688888887,0.0,0.0,2017-10-05 10:41:34,刺网
1643,29.839247999999998,122.29385688888887,0.0,0.0,2017-10-05 10:51:34,刺网
1643,29.839247999999998,122.29385688888887,0.0,0.0,2017-10-05 11:01:35,刺网
1643,29.839275777777768,122.29382911111112,0.0,0.0,2017-10-05 11:11:34,刺网
1643,29.83922022222222,122.29382911111112,0.0,0.0,2017-10-05 11:21:34,刺网
